"","AantalInwoners_5","Mannen_6","Vrouwen_7","k_0Tot15Jaar_8","k_15Tot25Jaar_9","k_25Tot45Jaar_10","k_45Tot65Jaar_11","k_65JaarOfOuder_12","Ongehuwd_13","Gehuwd_14","Gescheiden_15","HuishoudensTotaal_28","Eenpersoonshuishoudens_29","HuishoudensZonderKinderen_30","HuishoudensMetKinderen_31","GemiddeldeHuishoudensgrootte_32","Bevolkingsdichtheid_33","PercentageEengezinswoning_36","PercentageMeergezinswoning_37","PercentageBewoond_38","PercentageOnbewoond_39","Koopwoningen_40","HuurwoningenTotaal_41","InBezitWoningcorporatie_42","InBezitOverigeVerhuurders_43","BouwjaarVoor2000_45","BouwjaarVanaf2000_46","BedrijfsvestigingenTotaal_91","ALandbouwBosbouwEnVisserij_92","BFNijverheidEnEnergie_93","GIHandelEnHoreca_94","HJVervoerInformatieEnCommunicatie_95","KLFinancieleDienstenOnroerendGoed_96","MNZakelijkeDienstverlening_97","OQOverheidOnderwijsEnZorg_98","RUCultuurRecreatieOverigeDiensten_99","AfstandTotHuisartsenpraktijk_106","AfstandTotGroteSupermarkt_107","AfstandTotKinderdagverblijf_108","OppervlakteTotaal_111","OppervlakteLand_112","OppervlakteWater_113","MateVanStedelijkheid_116","Omgevingsadressendichtheid_117","Cluster"
"AantalInwoners_5",1,0.999905502814406,0.999908493167543,0.992920701756041,0.988122865408345,0.991205693292058,0.99632832931964,0.979267718656055,0.994677953748828,0.981166594663692,0.990033793673841,0.996686921088369,0.97897016770841,0.995649091285521,0.993886497367278,-0.338845071099563,0.518736375693733,-0.602695622207386,0.602695622207386,-0.00591406240208007,0.00591406240208007,-0.563854594093707,0.56355745334525,0.397757685421624,0.414435034436837,-0.0372968129403899,0.0372968129403899,0.973813737928426,0.289855822510231,0.919966987331964,0.980570549490849,0.927154039216104,0.93476834166087,0.951512967964843,0.98373263031572,0.93587737543452,-0.26193811467317,-0.255892591975932,-0.34301090035805,0.123499420544659,0.156066666616943,0.0314054635481397,-0.45705320174959,0.701802223080835,-0.159337336004118
"Mannen_6",0.999905502814406,1,0.999628033298531,0.992642083425253,0.9881152781037,0.9909757028091,0.996382253848426,0.979345166410101,0.994400372178576,0.981442640247009,0.989921673697499,0.996526676234767,0.978683989897775,0.995720150611498,0.993781613782672,-0.337591239527817,0.5158059416903,-0.599545082272609,0.599545082272609,-0.00523456397517254,0.00523456397517255,-0.562203440341343,0.561971880481928,0.396908744544356,0.412853501615466,-0.0384151260440633,0.0384151260440632,0.973403371526368,0.293696339149856,0.920744448261031,0.980604649677977,0.926466170417938,0.934367771985176,0.95068031943639,0.982647762495799,0.935260366738613,-0.259452895222067,-0.253630800047685,-0.340576420627666,0.126431143138174,0.159544744622214,0.0324385651660326,-0.454340900020954,0.699307600019656,-0.159580228534092
"Vrouwen_7",0.999908493167543,0.999628033298531,1,0.993011685646587,0.987948026106809,0.991249141309442,0.996091445348495,0.979010834258974,0.994767593206503,0.980713929518592,0.989961467301998,0.99666072457335,0.979071164343539,0.99539547111575,0.993806339204369,-0.340016389568024,0.521524367233983,-0.605684719010338,0.605684719010338,-0.00658163244679437,0.00658163244679435,-0.565375384331428,0.565013763458863,0.398519701564747,0.41591488156547,-0.0361894545604606,0.0361894545604606,0.97403789382816,0.286023080408604,0.919032195004291,0.980356080946209,0.927659880221874,0.934990060835536,0.952156785476062,0.984618700069266,0.936311877050676,-0.264335370826695,-0.258071099411152,-0.345343268356923,0.120591670457985,0.152615266333576,0.0303830445597223,-0.459637920339878,0.704127579306519,-0.159068920100928
"k_0Tot15Jaar_8",0.992920701756041,0.992642083425253,0.993011685646587,1,0.974938280592365,0.979112615096795,0.992186065539271,0.970272120265008,0.982411033887648,0.985843513344701,0.982366102574967,0.981767849611048,0.954242799241312,0.981645755560885,0.997801639593887,-0.28760183259272,0.529193044447819,-0.597923025641652,0.597923025641652,0.00913632499836647,-0.00913632499836642,-0.545041019632734,0.544756865584041,0.390223501012125,0.393447642778441,-0.0785634296090267,0.0785634296090267,0.958427363422151,0.318733684827797,0.934763575151089,0.962851662740484,0.90397794316223,0.913759676900875,0.932439246993691,0.97239647070124,0.907987773217851,-0.26861238493297,-0.262073991923447,-0.355582031957552,0.122244937315344,0.151577479767653,0.0347694268913445,-0.465241679184637,0.699512450002558,-0.174322345217056
"k_15Tot25Jaar_9",0.988122865408345,0.9881152781037,0.987948026106809,0.974938280592365,1,0.981741469571381,0.976375287038858,0.960222777158244,0.989049659440923,0.959275659570886,0.969792840080702,0.990492194150551,0.982290711864896,0.984682957705951,0.973486222678692,-0.359721862034687,0.5119940353284,-0.608722612206959,0.608722612206959,-0.0082169444621481,0.00821694446214811,-0.58226536413457,0.581930123712575,0.39661564741327,0.446484743973153,-0.0532893659828875,0.0532893659828875,0.954338717704901,0.263660258656187,0.889554983279279,0.961610557288387,0.908875001495537,0.911385015051842,0.933586947211755,0.97246896969976,0.920047251761126,-0.260438727378382,-0.254336850135616,-0.335975035334379,0.115020113272954,0.147016326519135,0.0271383793569908,-0.455734297464111,0.702972576611529,-0.152614824900534
"k_25Tot45Jaar_10",0.991205693292058,0.9909757028091,0.991249141309442,0.979112615096795,0.981741469571381,1,0.979228826860991,0.948157702133192,0.998463371927906,0.950336235968259,0.97613985321098,0.995297336341418,0.990151784898299,0.984077254347265,0.97674243961731,-0.326718407482,0.513775283223287,-0.589214256146367,0.589214256146367,-0.0240037046424593,0.0240037046424594,-0.545692128179486,0.545181851980508,0.370159913835393,0.421689055232454,-0.0457241767471784,0.0457241767471783,0.988641971179889,0.244291360841982,0.894720204435099,0.987334827064501,0.961368980005613,0.953387390381717,0.976687357039237,0.991844526829621,0.966762798933129,-0.252494000377012,-0.246105927427236,-0.323894193710888,0.0953023510780271,0.116000913525856,0.0298586723596238,-0.425766699811198,0.687291746553702,-0.119200149638965
"k_45Tot65Jaar_11",0.99632832931964,0.996382253848426,0.996091445348495,0.992186065539271,0.976375287038858,0.979228826860991,1,0.986855431945004,0.983904819988815,0.990013487038816,0.99158458477112,0.988297303009833,0.96247635438579,0.993187048601041,0.996544972308858,-0.334838269810417,0.51109151142528,-0.592762829365254,0.592762829365254,0.00527161362136773,-0.00527161362136774,-0.555450476011824,0.555382116490974,0.401222971516847,0.395777604260508,-0.0339344353417268,0.0339344353417268,0.964017404534083,0.318175842678762,0.930383417623348,0.974365591906068,0.909470846493234,0.925281061970905,0.936773620879746,0.97307987649818,0.919436590205832,-0.259604840195231,-0.252917955253615,-0.344146379683738,0.13810705103474,0.176957654438188,0.03203555534033,-0.460018823515598,0.694917476545884,-0.178928016988117
"k_65JaarOfOuder_12",0.979267718656055,0.979345166410101,0.979010834258974,0.970272120265008,0.960222777158244,0.948157702133192,0.986855431945004,1,0.957268446154631,0.987749265191693,0.981148080123387,0.970062055727447,0.939828254700566,0.985659183226146,0.978535764418507,-0.383636382026439,0.504488693120992,-0.609590431409819,0.609590431409819,0.00336027920355688,-0.00336027920355685,-0.584061708029743,0.583906138213371,0.436972057127091,0.393734355560067,0.0355257492735159,-0.0355257492735159,0.927417987802223,0.321427673910928,0.912978877067475,0.947807788723996,0.860135694760063,0.891260664378085,0.893829725346497,0.941413162800432,0.876249226885838,-0.264603814390427,-0.261337046127336,-0.355535995841996,0.163824210617536,0.214373849243672,0.0323377767742489,-0.48564033127326,0.701523396809602,-0.197686979714948
"Ongehuwd_13",0.994677953748828,0.994400372178576,0.994767593206503,0.982411033887648,0.989049659440923,0.998463371927906,0.983904819988815,0.957268446154631,1,0.956752920611397,0.980426093936035,0.998202156162551,0.992011868700476,0.988128075281644,0.980597033739133,-0.33934694679516,0.515305137065342,-0.59745020759439,0.59745020759439,-0.0221347640630277,0.0221347640630277,-0.555591803021735,0.555031624839085,0.375108161109861,0.431460639242161,-0.0406468932219959,0.0406468932219959,0.985056930788988,0.258356619380287,0.901377473008431,0.985059535096572,0.9510992222271,0.947409560541537,0.970445103725801,0.992196633101892,0.95915390712256,-0.253898661826605,-0.246686903491223,-0.327428962296375,0.103266266828311,0.127106335423334,0.0305628737644692,-0.43318796034376,0.693527039960729,-0.126929842871919
"Gehuwd_14",0.981166594663692,0.981442640247009,0.980713929518592,0.985843513344701,0.959275659570886,0.950336235968259,0.990013487038816,0.987749265191693,0.956752920611397,1,0.972858230769226,0.964104043627206,0.924289652126882,0.980821345149651,0.990455269639146,-0.306947167155296,0.507448593567613,-0.586496196851412,0.586496196851412,0.0340569900406728,-0.0340569900406728,-0.55081441249423,0.551292337417831,0.418686841956983,0.364106800625768,-0.0540610479220183,0.0540610479220182,0.926685218347261,0.348613987887434,0.923900834309822,0.944374133978412,0.859462721282863,0.888903564364127,0.891795681580179,0.941181101297989,0.86770174214937,-0.265520447477039,-0.260354627569545,-0.35919003732148,0.161477912785164,0.213625777013328,0.028928687879554,-0.483975791226289,0.692703719700698,-0.222131325784741
"Gescheiden_15",0.990033793673841,0.989921673697499,0.989961467301998,0.982366102574967,0.969792840080702,0.97613985321098,0.99158458477112,0.981148080123387,0.980426093936035,0.972858230769226,1,0.986513307747829,0.967356513803731,0.984241575824052,0.987937650336936,-0.37404699597013,0.523971058795354,-0.6137197864412,0.6137197864412,-0.0237943852316471,0.0237943852316471,-0.580777365236292,0.579898336356261,0.417878746646665,0.414588124312577,0.00776300712986166,-0.00776300712986166,0.958339765456987,0.276023603074897,0.931565841601854,0.969233271823517,0.905858139881439,0.911694482766756,0.931480571412333,0.967750525096546,0.916323406841392,-0.272806354490746,-0.270104697352676,-0.351286302699705,0.113790003968151,0.131554983358083,0.0444645971352651,-0.467408080124432,0.704964691193813,-0.147914858069124
"HuishoudensTotaal_28",0.996686921088369,0.996526676234767,0.99666072457335,0.981767849611048,0.990492194150551,0.995297336341418,0.988297303009833,0.970062055727447,0.998202156162551,0.964104043627206,0.986513307747829,1,0.992125738505409,0.99374816566599,0.982369301303412,-0.365634936244654,0.518193662552076,-0.608551385461589,0.608551385461589,-0.0236851526019006,0.0236851526019007,-0.57392503102194,0.573391133447808,0.395156650640925,0.434574562517996,-0.0156476650626942,0.0156476650626942,0.980081784429304,0.259580614342761,0.903322111191012,0.984533501074003,0.941584717379047,0.942738500294601,0.962675507503448,0.988138249135964,0.952128486314749,-0.259668625134133,-0.253869345640233,-0.33484195334999,0.111141326654514,0.13824812403322,0.0310560718085231,-0.448166557371602,0.703284119442021,-0.136862693617513
"Eenpersoonshuishoudens_29",0.97897016770841,0.978683989897775,0.979071164343539,0.954242799241312,0.982290711864896,0.990151784898299,0.96247635438579,0.939828254700566,0.992011868700476,0.924289652126882,0.967356513803731,0.992125738505409,1,0.975842977710786,0.952693566796253,-0.389580840920087,0.512373890434718,-0.609037482612397,0.609037482612397,-0.052253652354708,0.052253652354708,-0.577701979570981,0.576732763883969,0.379400325040856,0.461829715686698,0.00723339830629206,-0.00723339830629207,0.978579360715784,0.21781305572529,0.870848425511534,0.97734548113791,0.952594534279878,0.942827718887395,0.969017819164104,0.98386705026813,0.965308261096333,-0.251155231213584,-0.246051125499214,-0.316446738556717,0.0876349782406671,0.104638414453012,0.0300324279971676,-0.424607773759298,0.695000943783851,-0.0957451308191088
"HuishoudensZonderKinderen_30",0.995649091285521,0.995720150611498,0.99539547111575,0.981645755560885,0.984682957705951,0.984077254347265,0.993187048601041,0.985659183226146,0.988128075281644,0.980821345149651,0.984241575824052,0.99374816566599,0.975842977710786,1,0.985274351511249,-0.367503065283232,0.500663648951317,-0.594755047382628,0.594755047382628,-0.00179025919682798,0.00179025919682796,-0.569683637862276,0.569560852015319,0.40903876660253,0.408485037011295,-0.00874605569869533,0.00874605569869532,0.966799770786734,0.279749232802258,0.897926274387275,0.97882398909173,0.921016630471758,0.934113525519998,0.944734962604106,0.976716613596766,0.933186523773735,-0.253959477126737,-0.248043708432765,-0.335659266149418,0.145817747215655,0.189516100634613,0.0304267116539258,-0.456745993220278,0.695423480884174,-0.174820524202169
"HuishoudensMetKinderen_31",0.993886497367278,0.993781613782672,0.993806339204369,0.997801639593887,0.973486222678692,0.97674243961731,0.996544972308858,0.978535764418507,0.980597033739133,0.990455269639146,0.987937650336936,0.982369301303412,0.952693566796253,0.985274351511249,1,-0.303617765633512,0.524492423193612,-0.596009526253171,0.596009526253171,0.0141928493542144,-0.0141928493542144,-0.548255326442034,0.548239824179885,0.398933270399686,0.387093569606933,-0.065284486169304,0.0652844861693039,0.956776869356576,0.313715928278188,0.936406893257519,0.965703880316108,0.901612960456802,0.913840622770048,0.92874035032761,0.968329780283652,0.906170134466105,-0.27109349895241,-0.264264708641945,-0.357068555570148,0.123259429982163,0.154940197559979,0.0323879534131474,-0.469537405863997,0.699136157545719,-0.179411601870569
"GemiddeldeHuishoudensgrootte_32",-0.338845071099563,-0.337591239527817,-0.340016389568024,-0.28760183259272,-0.359721862034687,-0.326718407482,-0.334838269810417,-0.383636382026439,-0.33934694679516,-0.306947167155296,-0.37404699597013,-0.365634936244654,-0.389580840920087,-0.367503065283232,-0.303617765633512,1,-0.325341984058092,0.561938339983368,-0.561938339983368,0.372501334338721,-0.372501334338721,0.701228178172298,-0.691141609276725,-0.467431365350608,-0.537839635120938,-0.456818740574079,0.456818740574079,-0.29165352945011,0.13294402347598,-0.226095184130126,-0.308910492990389,-0.272218480205078,-0.246763306624568,-0.291094265100558,-0.341582606013979,-0.295611164350047,0.216717368686346,0.284743706574378,0.247403180578626,-0.0706039873266198,0.030451974317197,-0.16975427466035,0.369606145245478,-0.450166183821676,0.0480758426853847
"Bevolkingsdichtheid_33",0.518736375693733,0.5158059416903,0.521524367233983,0.529193044447819,0.5119940353284,0.513775283223287,0.51109151142528,0.504488693120992,0.515305137065342,0.507448593567613,0.523971058795354,0.518193662552076,0.512373890434718,0.500663648951317,0.524492423193612,-0.325341984058092,1,-0.789528006247906,0.789528006247906,0.0785358646458297,-0.0785358646458297,-0.612101387337934,0.61461840787089,0.501734451512754,0.356150723285319,-0.01159205751337,0.01159205751337,0.478670927754466,-0.0974149464382256,0.48553659223953,0.462974819230888,0.455804054764401,0.436656414882753,0.479143493263798,0.51735048249956,0.444008656499486,-0.526170140294475,-0.53495403562193,-0.613799414633892,-0.332255434572572,-0.389699759086917,-0.122750913991431,-0.743988702372669,0.849462622501023,-0.182285254028498
"PercentageEengezinswoning_36",-0.602695622207386,-0.599545082272609,-0.605684719010338,-0.597923025641652,-0.608722612206959,-0.589214256146367,-0.592762829365254,-0.609590431409819,-0.59745020759439,-0.586496196851412,-0.6137197864412,-0.608551385461589,-0.609037482612397,-0.594755047382628,-0.596009526253171,0.561938339983368,-0.789528006247906,1,-1,0.102856551440834,-0.102856551440834,0.836817696108375,-0.838034549674039,-0.592100005612949,-0.61387385193644,-0.0954163932301538,0.0954163932301537,-0.551381258137865,0.102690405843184,-0.523187414841721,-0.552496592754746,-0.520046768626617,-0.517712273309715,-0.549893386592231,-0.596112942468735,-0.518309229915191,0.522222955247501,0.542251797945261,0.595506493163351,0.23419842665065,0.285934253316735,0.0722568665029575,0.806002085378049,-0.903488444391803,0.225706183665786
"PercentageMeergezinswoning_37",0.602695622207386,0.599545082272609,0.605684719010338,0.597923025641652,0.608722612206959,0.589214256146367,0.592762829365254,0.609590431409819,0.59745020759439,0.586496196851412,0.6137197864412,0.608551385461589,0.609037482612397,0.594755047382628,0.596009526253171,-0.561938339983368,0.789528006247906,-1,1,-0.102856551440834,0.102856551440834,-0.836817696108375,0.838034549674039,0.592100005612949,0.61387385193644,0.0954163932301538,-0.0954163932301537,0.551381258137865,-0.102690405843184,0.523187414841721,0.552496592754746,0.520046768626617,0.517712273309715,0.549893386592231,0.596112942468735,0.518309229915191,-0.522222955247501,-0.542251797945261,-0.595506493163351,-0.23419842665065,-0.285934253316735,-0.0722568665029575,-0.806002085378049,0.903488444391803,-0.225706183665786
"PercentageBewoond_38",-0.00591406240208007,-0.00523456397517254,-0.00658163244679437,0.00913632499836647,-0.0082169444621481,-0.0240037046424593,0.00527161362136773,0.00336027920355688,-0.0221347640630277,0.0340569900406728,-0.0237943852316471,-0.0236851526019006,-0.052253652354708,-0.00179025919682798,0.0141928493542144,0.372501334338721,0.0785358646458297,0.102856551440834,-0.102856551440834,1,-1,0.153032157032464,-0.121011403128251,0.113167548152524,-0.376982764818612,-0.210279093079701,0.2102790930797,-0.0371373223093232,-0.0366067221265748,-0.00921701376185357,-0.033668120244034,-0.0457433576152809,-0.0276043311656431,-0.0430149794736774,-0.0280959010783179,-0.0496757127304771,-0.16155164904429,-0.0386991463427204,-0.166988211310131,-0.212788058024538,-0.0932841226639964,-0.276860325638902,-0.169611146623075,0.0852953979520725,-0.0155483753245763
"PercentageOnbewoond_39",0.00591406240208007,0.00523456397517255,0.00658163244679435,-0.00913632499836642,0.00821694446214811,0.0240037046424594,-0.00527161362136774,-0.00336027920355685,0.0221347640630277,-0.0340569900406728,0.0237943852316471,0.0236851526019007,0.052253652354708,0.00179025919682796,-0.0141928493542144,-0.372501334338721,-0.0785358646458297,-0.102856551440834,0.102856551440834,-1,1,-0.153032157032464,0.121011403128251,-0.113167548152524,0.376982764818611,0.210279093079701,-0.2102790930797,0.0371373223093231,0.0366067221265748,0.00921701376185359,0.033668120244034,0.045743357615281,0.0276043311656432,0.0430149794736773,0.0280959010783179,0.049675712730477,0.16155164904429,0.0386991463427204,0.166988211310131,0.212788058024538,0.0932841226639964,0.276860325638902,0.169611146623074,-0.0852953979520724,0.0155483753245762
"Koopwoningen_40",-0.563854594093707,-0.562203440341343,-0.565375384331428,-0.545041019632734,-0.58226536413457,-0.545692128179486,-0.555450476011824,-0.584061708029743,-0.555591803021735,-0.55081441249423,-0.580777365236292,-0.57392503102194,-0.577701979570981,-0.569683637862276,-0.548255326442034,0.701228178172298,-0.612101387337934,0.836817696108375,-0.836817696108375,0.153032157032464,-0.153032157032464,1,-0.998229640421458,-0.810851168396693,-0.582657519179241,-0.168348991046621,0.168348991046621,-0.49452850098218,0.111269343340166,-0.455440642823099,-0.515396610823138,-0.463043173323792,-0.451885300731046,-0.486023548964148,-0.543597500065291,-0.470537722224669,0.427125050683243,0.485210924451928,0.499221183233781,0.0641931466524989,0.143055830055244,-0.0622414211944885,0.678091834852316,-0.760810775961665,0.190465962768296
"HuurwoningenTotaal_41",0.56355745334525,0.561971880481928,0.565013763458863,0.544756865584041,0.581930123712575,0.545181851980508,0.555382116490974,0.583906138213371,0.555031624839085,0.551292337417831,0.579898336356261,0.573391133447808,0.576732763883969,0.569560852015319,0.548239824179885,-0.691141609276725,0.61461840787089,-0.838034549674039,0.838034549674039,-0.121011403128251,0.121011403128251,-0.998229640421458,1,0.8179954218002,0.574267053375477,0.167614930179426,-0.167614930179426,0.493908422331474,-0.116256474456867,0.453665703205237,0.514910360627132,0.463232543916742,0.451881515136136,0.485635899609708,0.542716243668517,0.470432043308855,-0.434172222760324,-0.489159632924046,-0.507141641639046,-0.0680972361516035,-0.14708536316039,0.0601021566967627,-0.68525350972632,0.766322016593187,-0.190102366845716
"InBezitWoningcorporatie_42",0.397757685421624,0.396908744544356,0.398519701564747,0.390223501012125,0.39661564741327,0.370159913835393,0.401222971516847,0.436972057127091,0.375108161109861,0.418686841956983,0.417878746646665,0.395156650640925,0.379400325040856,0.40903876660253,0.398933270399686,-0.467431365350608,0.501734451512754,-0.592100005612949,0.592100005612949,0.113167548152524,-0.113167548152524,-0.810851168396693,0.8179954218002,1,0.00243829941680252,0.174891747649641,-0.174891747649641,0.322052028890209,-0.117067078155981,0.325916243551844,0.35162046445537,0.297822434235119,0.292004612489463,0.305852919218695,0.354393112031377,0.297242269334749,-0.384482447425527,-0.406296324667712,-0.489302360006697,-0.0549813970023087,-0.09757701353379,0.021661309695843,-0.589415850704599,0.600465927023849,-0.12361168211688
"InBezitOverigeVerhuurders_43",0.414435034436837,0.412853501615466,0.41591488156547,0.393447642778441,0.446484743973153,0.421689055232454,0.395777604260508,0.393734355560067,0.431460639242161,0.364106800625768,0.414588124312577,0.434574562517996,0.461829715686698,0.408485037011295,0.387093569606933,-0.537839635120938,0.356150723285319,-0.61387385193644,0.61387385193644,-0.376982764818612,0.376982764818611,-0.582657519179241,0.574267053375477,0.00243829941680252,1,0.0400037935702798,-0.0400037935702798,0.401849142291187,-0.0321781132524369,0.328372499131736,0.396441739655427,0.382639721555606,0.372595074066932,0.410118500160051,0.439786633896186,0.39538999359247,-0.218191846873174,-0.276202178935822,-0.187744747347784,-0.0416145253579049,-0.120722605917961,0.0758461089134255,-0.35248679852285,0.475750619087987,-0.154488188525439
"BouwjaarVoor2000_45",-0.0372968129403899,-0.0384151260440633,-0.0361894545604606,-0.0785634296090267,-0.0532893659828875,-0.0457241767471784,-0.0339344353417268,0.0355257492735159,-0.0406468932219959,-0.0540610479220183,0.00776300712986166,-0.0156476650626942,0.00723339830629206,-0.00874605569869533,-0.065284486169304,-0.456818740574079,-0.01159205751337,-0.0954163932301538,0.0954163932301538,-0.210279093079701,0.210279093079701,-0.168348991046621,0.167614930179426,0.174891747649641,0.0400037935702798,1,-1,-0.0408289166759629,-0.0822570686611989,-0.045821095352814,-0.0390344391448529,-0.046358087628601,-0.0585837862158333,-0.0384569012814607,-0.0324426402138808,-0.0213916074451708,-0.00565412851030275,0.0219551456572981,-0.011465036211652,0.0604777331145291,0.0623698495088051,0.0332110537980386,0.0506222697994409,0.000349660116665947,0.304057931812344
"BouwjaarVanaf2000_46",0.0372968129403899,0.0384151260440632,0.0361894545604606,0.0785634296090267,0.0532893659828875,0.0457241767471783,0.0339344353417268,-0.0355257492735159,0.0406468932219959,0.0540610479220182,-0.00776300712986166,0.0156476650626942,-0.00723339830629207,0.00874605569869532,0.0652844861693039,0.456818740574079,0.01159205751337,0.0954163932301537,-0.0954163932301537,0.2102790930797,-0.2102790930797,0.168348991046621,-0.167614930179426,-0.174891747649641,-0.0400037935702798,-1,1,0.0408289166759629,0.0822570686611989,0.0458210953528139,0.0390344391448529,0.046358087628601,0.0585837862158333,0.0384569012814607,0.0324426402138808,0.0213916074451708,0.00565412851030275,-0.0219551456572981,0.011465036211652,-0.0604777331145291,-0.0623698495088051,-0.0332110537980386,-0.0506222697994409,-0.000349660116665924,-0.304057931812344
"BedrijfsvestigingenTotaal_91",0.973813737928426,0.973403371526368,0.97403789382816,0.958427363422151,0.954338717704901,0.988641971179889,0.964017404534083,0.927417987802223,0.985056930788988,0.926685218347261,0.958339765456987,0.980081784429304,0.978579360715784,0.966799770786734,0.956776869356576,-0.29165352945011,0.478670927754466,-0.551381258137865,0.551381258137865,-0.0371373223093232,0.0371373223093231,-0.49452850098218,0.493908422331474,0.322052028890209,0.401849142291187,-0.0408289166759629,0.0408289166759629,1,0.261951953814883,0.884038542938351,0.993060380837695,0.981946861434882,0.982003429841654,0.99410621861368,0.98759110367206,0.986907099882911,-0.224451775473157,-0.216171050109259,-0.292733999405431,0.105440250118903,0.128249311970683,0.0331499791688286,-0.376902525934486,0.648080621971731,-0.093656091819766
"ALandbouwBosbouwEnVisserij_92",0.289855822510231,0.293696339149856,0.286023080408604,0.318733684827797,0.263660258656187,0.244291360841982,0.318175842678762,0.321427673910928,0.258356619380287,0.348613987887434,0.276023603074897,0.259580614342761,0.21781305572529,0.279749232802258,0.313715928278188,0.13294402347598,-0.0974149464382256,0.102690405843184,-0.102690405843184,-0.0366067221265748,0.0366067221265748,0.111269343340166,-0.116256474456867,-0.117067078155981,-0.0321781132524369,-0.0822570686611989,0.0822570686611989,0.261951953814883,1,0.507326525687348,0.249820292115777,0.142347476783353,0.208693212927908,0.191342112107742,0.230571435223288,0.183627774355452,0.34659927669046,0.325634157337678,0.259411247361014,0.49642384991899,0.6162874260886,0.14023476904906,0.233256638155568,-0.081667412118226,-0.0713775830172134
"BFNijverheidEnEnergie_93",0.919966987331964,0.920744448261031,0.919032195004291,0.934763575151089,0.889554983279279,0.894720204435099,0.930383417623348,0.912978877067475,0.901377473008431,0.923900834309822,0.931565841601854,0.903322111191012,0.870848425511534,0.897926274387275,0.936406893257519,-0.226095184130126,0.48553659223953,-0.523187414841721,0.523187414841721,-0.00921701376185357,0.00921701376185359,-0.455440642823099,0.453665703205237,0.325916243551844,0.328372499131736,-0.045821095352814,0.0458210953528139,0.884038542938351,0.507326525687348,1,0.882602854110615,0.795003064081237,0.819179763004754,0.836010604060558,0.877790252166743,0.810578861074547,-0.213121269898504,-0.212185868304896,-0.297896452302511,0.135133689569162,0.156564485738581,0.0523805312008595,-0.369047204652654,0.614088108507906,-0.0914087159042504
"GIHandelEnHoreca_94",0.980570549490849,0.980604649677977,0.980356080946209,0.962851662740484,0.961610557288387,0.987334827064501,0.974365591906068,0.947807788723996,0.985059535096572,0.944374133978412,0.969233271823517,0.984533501074003,0.97734548113791,0.97882398909173,0.965703880316108,-0.308910492990389,0.462974819230888,-0.552496592754746,0.552496592754746,-0.033668120244034,0.033668120244034,-0.515396610823138,0.514910360627132,0.35162046445537,0.396441739655427,-0.0390344391448529,0.0390344391448529,0.993060380837695,0.249820292115777,0.882602854110615,1,0.97094448028519,0.977978940222608,0.981453466529668,0.9803925285303,0.976492476841854,-0.224993036969971,-0.225226653077452,-0.297177174290839,0.128252634640461,0.155639677744914,0.0407741414389351,-0.394578642430921,0.650527645749018,-0.124602099603647
"HJVervoerInformatieEnCommunicatie_95",0.927154039216104,0.926466170417938,0.927659880221874,0.90397794316223,0.908875001495537,0.961368980005613,0.909470846493234,0.860135694760063,0.9510992222271,0.859462721282863,0.905858139881439,0.941584717379047,0.952594534279878,0.921016630471758,0.901612960456802,-0.272218480205078,0.455804054764401,-0.520046768626617,0.520046768626617,-0.0457433576152809,0.045743357615281,-0.463043173323792,0.463232543916742,0.297822434235119,0.382639721555606,-0.046358087628601,0.046358087628601,0.981946861434882,0.142347476783353,0.795003064081237,0.97094448028519,1,0.979775214461756,0.992547242184541,0.959282976425938,0.993444423903123,-0.218164586009645,-0.204697533775071,-0.272456301856794,0.0739874665511088,0.0817687747263148,0.0336927802285948,-0.344878422439697,0.613899986976017,-0.0600981689519556
"KLFinancieleDienstenOnroerendGoed_96",0.93476834166087,0.934367771985176,0.934990060835536,0.913759676900875,0.911385015051842,0.953387390381717,0.925281061970905,0.891260664378085,0.947409560541537,0.888903564364127,0.911694482766756,0.942738500294601,0.942827718887395,0.934113525519998,0.913840622770048,-0.246763306624568,0.436656414882753,-0.517712273309715,0.517712273309715,-0.0276043311656431,0.0276043311656432,-0.451885300731046,0.451881515136136,0.292004612489463,0.372595074066932,-0.0585837862158333,0.0585837862158333,0.982003429841654,0.208693212927908,0.819179763004754,0.977978940222608,0.979775214461756,1,0.985679425633195,0.955456925157021,0.979772313280931,-0.22847766266382,-0.22110983966086,-0.292108483500062,0.0892011048964701,0.119751518614932,0.0137697651557287,-0.365982354585143,0.617330574592672,-0.10136765899702
"MNZakelijkeDienstverlening_97",0.951512967964843,0.95068031943639,0.952156785476062,0.932439246993691,0.933586947211755,0.976687357039237,0.936773620879746,0.893829725346497,0.970445103725801,0.891795681580179,0.931480571412333,0.962675507503448,0.969017819164104,0.944734962604106,0.92874035032761,-0.291094265100558,0.479143493263798,-0.549893386592231,0.549893386592231,-0.0430149794736774,0.0430149794736773,-0.486023548964148,0.485635899609708,0.305852919218695,0.410118500160051,-0.0384569012814607,0.0384569012814607,0.99410621861368,0.191342112107742,0.836010604060558,0.981453466529668,0.992547242184541,0.985679425633195,1,0.980553500351008,0.993034035517027,-0.235759801787109,-0.222005754337527,-0.295016459963276,0.0697137333404692,0.0863935113121082,0.0198903468674334,-0.373174423793006,0.643889682966135,-0.0768268975821296
"OQOverheidOnderwijsEnZorg_98",0.98373263031572,0.982647762495799,0.984618700069266,0.97239647070124,0.97246896969976,0.991844526829621,0.97307987649818,0.941413162800432,0.992196633101892,0.941181101297989,0.967750525096546,0.988138249135964,0.98386705026813,0.976716613596766,0.968329780283652,-0.341582606013979,0.51735048249956,-0.596112942468735,0.596112942468735,-0.0280959010783179,0.0280959010783179,-0.543597500065291,0.542716243668517,0.354393112031377,0.439786633896186,-0.0324426402138808,0.0324426402138808,0.98759110367206,0.230571435223288,0.877790252166743,0.9803925285303,0.959282976425938,0.955456925157021,0.980553500351008,1,0.966533509379869,-0.256384790143996,-0.246337531196128,-0.328445320788785,0.0873769749332855,0.11035896800552,0.0222962725779019,-0.42747854389143,0.688271404924412,-0.123112886698917
"RUCultuurRecreatieOverigeDiensten_99",0.93587737543452,0.935260366738613,0.936311877050676,0.907987773217851,0.920047251761126,0.966762798933129,0.919436590205832,0.876249226885838,0.95915390712256,0.86770174214937,0.916323406841392,0.952128486314749,0.965308261096333,0.933186523773735,0.906170134466105,-0.295611164350047,0.444008656499486,-0.518309229915191,0.518309229915191,-0.0496757127304771,0.049675712730477,-0.470537722224669,0.470432043308855,0.297242269334749,0.39538999359247,-0.0213916074451708,0.0213916074451708,0.986907099882911,0.183627774355452,0.810578861074547,0.976492476841854,0.993444423903123,0.979772313280931,0.993034035517027,0.966533509379869,1,-0.206410846977534,-0.197082499651298,-0.262168521403077,0.0884768056855044,0.105467256974686,0.0305425392719287,-0.338251837772175,0.614249072432067,-0.0625644075931824
"AfstandTotHuisartsenpraktijk_106",-0.26193811467317,-0.259452895222067,-0.264335370826695,-0.26861238493297,-0.260438727378382,-0.252494000377012,-0.259604840195231,-0.264603814390427,-0.253898661826605,-0.265520447477039,-0.272806354490746,-0.259668625134133,-0.251155231213584,-0.253959477126737,-0.27109349895241,0.216717368686346,-0.526170140294475,0.522222955247501,-0.522222955247501,-0.16155164904429,0.16155164904429,0.427125050683243,-0.434172222760324,-0.384482447425527,-0.218191846873174,-0.00565412851030275,0.00565412851030275,-0.224451775473157,0.34659927669046,-0.213121269898504,-0.224993036969971,-0.218164586009645,-0.22847766266382,-0.235759801787109,-0.256384790143996,-0.206410846977534,1,0.750224109100087,0.73811598953453,0.476011335440208,0.572561820621084,0.157781913615272,0.627956933937862,-0.583499691424902,-0.017241442772313
"AfstandTotGroteSupermarkt_107",-0.255892591975932,-0.253630800047685,-0.258071099411152,-0.262073991923447,-0.254336850135616,-0.246105927427236,-0.252917955253615,-0.261337046127336,-0.246686903491223,-0.260354627569545,-0.270104697352676,-0.253869345640233,-0.246051125499214,-0.248043708432765,-0.264264708641945,0.284743706574378,-0.53495403562193,0.542251797945261,-0.542251797945261,-0.0386991463427204,0.0386991463427204,0.485210924451928,-0.489159632924046,-0.406296324667712,-0.276202178935822,0.0219551456572981,-0.0219551456572981,-0.216171050109259,0.325634157337678,-0.212185868304896,-0.225226653077452,-0.204697533775071,-0.22110983966086,-0.222005754337527,-0.246337531196128,-0.197082499651298,0.750224109100087,1,0.726026559785336,0.37000813731697,0.525808697637922,0.0202209384314473,0.640505869069014,-0.590695021392103,-0.016832516220313
"AfstandTotKinderdagverblijf_108",-0.34301090035805,-0.340576420627666,-0.345343268356923,-0.355582031957552,-0.335975035334379,-0.323894193710888,-0.344146379683738,-0.355535995841996,-0.327428962296375,-0.35919003732148,-0.351286302699705,-0.33484195334999,-0.316446738556717,-0.335659266149418,-0.357068555570148,0.247403180578626,-0.613799414633892,0.595506493163351,-0.595506493163351,-0.166988211310131,0.166988211310131,0.499221183233781,-0.507141641639046,-0.489302360006697,-0.187744747347784,-0.011465036211652,0.011465036211652,-0.292733999405431,0.259411247361014,-0.297896452302511,-0.297177174290839,-0.272456301856794,-0.292108483500062,-0.295016459963276,-0.328445320788785,-0.262168521403077,0.73811598953453,0.726026559785336,1,0.408498334814731,0.478000430078678,0.152346055340001,0.715539211469316,-0.681207439086138,0.0669768487149685
"OppervlakteTotaal_111",0.123499420544659,0.126431143138174,0.120591670457985,0.122244937315344,0.115020113272954,0.0953023510780271,0.13810705103474,0.163824210617536,0.103266266828311,0.161477912785164,0.113790003968151,0.111141326654514,0.0876349782406671,0.145817747215655,0.123259429982163,-0.0706039873266198,-0.332255434572572,0.23419842665065,-0.23419842665065,-0.212788058024538,0.212788058024538,0.0641931466524989,-0.0680972361516035,-0.0549813970023087,-0.0416145253579049,0.0604777331145291,-0.0604777331145291,0.105440250118903,0.49642384991899,0.135133689569162,0.128252634640461,0.0739874665511088,0.0892011048964701,0.0697137333404692,0.0873769749332855,0.0884768056855044,0.476011335440208,0.37000813731697,0.408498334814731,1,0.861313357563422,0.7646558277617,0.357745906683028,-0.263067611946327,-0.051118087519555
"OppervlakteLand_112",0.156066666616943,0.159544744622214,0.152615266333576,0.151577479767653,0.147016326519135,0.116000913525856,0.176957654438188,0.214373849243672,0.127106335423334,0.213625777013328,0.131554983358083,0.13824812403322,0.104638414453012,0.189516100634613,0.154940197559979,0.030451974317197,-0.389699759086917,0.285934253316735,-0.285934253316735,-0.0932841226639964,0.0932841226639964,0.143055830055244,-0.14708536316039,-0.09757701353379,-0.120722605917961,0.0623698495088051,-0.0623698495088051,0.128249311970683,0.6162874260886,0.156564485738581,0.155639677744914,0.0817687747263148,0.119751518614932,0.0863935113121082,0.11035896800552,0.105467256974686,0.572561820621084,0.525808697637922,0.478000430078678,0.861313357563422,1,0.331185572388853,0.389047111366985,-0.292132697125606,-0.140566331240332
"OppervlakteWater_113",0.0314054635481397,0.0324385651660326,0.0303830445597223,0.0347694268913445,0.0271383793569908,0.0298586723596238,0.03203555534033,0.0323377767742489,0.0305628737644692,0.028928687879554,0.0444645971352651,0.0310560718085231,0.0300324279971676,0.0304267116539258,0.0323879534131474,-0.16975427466035,-0.122750913991431,0.0722568665029575,-0.0722568665029575,-0.276860325638902,0.276860325638902,-0.0622414211944885,0.0601021566967627,0.021661309695843,0.0758461089134255,0.0332110537980386,-0.0332110537980386,0.0331499791688286,0.14023476904906,0.0523805312008595,0.0407741414389351,0.0336927802285948,0.0137697651557287,0.0198903468674334,0.0222962725779019,0.0305425392719287,0.157781913615272,0.0202209384314473,0.152346055340001,0.7646558277617,0.331185572388853,1,0.170916674810994,-0.118010954903352,0.0833594464350427
"MateVanStedelijkheid_116",-0.45705320174959,-0.454340900020954,-0.459637920339878,-0.465241679184637,-0.455734297464111,-0.425766699811198,-0.460018823515598,-0.48564033127326,-0.43318796034376,-0.483975791226289,-0.467408080124432,-0.448166557371602,-0.424607773759298,-0.456745993220278,-0.469537405863997,0.369606145245478,-0.743988702372669,0.806002085378049,-0.806002085378049,-0.169611146623075,0.169611146623074,0.678091834852316,-0.68525350972632,-0.589415850704599,-0.35248679852285,0.0506222697994409,-0.0506222697994409,-0.376902525934486,0.233256638155568,-0.369047204652654,-0.394578642430921,-0.344878422439697,-0.365982354585143,-0.373174423793006,-0.42747854389143,-0.338251837772175,0.627956933937862,0.640505869069014,0.715539211469316,0.357745906683028,0.389047111366985,0.170916674810994,1,-0.898484990808806,0.274794225414747
"Omgevingsadressendichtheid_117",0.701802223080835,0.699307600019656,0.704127579306519,0.699512450002558,0.702972576611529,0.687291746553702,0.694917476545884,0.701523396809602,0.693527039960729,0.692703719700698,0.704964691193813,0.703284119442021,0.695000943783851,0.695423480884174,0.699136157545719,-0.450166183821676,0.849462622501023,-0.903488444391803,0.903488444391803,0.0852953979520725,-0.0852953979520724,-0.760810775961665,0.766322016593187,0.600465927023849,0.475750619087987,0.000349660116665947,-0.000349660116665924,0.648080621971731,-0.081667412118226,0.614088108507906,0.650527645749018,0.613899986976017,0.617330574592672,0.643889682966135,0.688271404924412,0.614249072432067,-0.583499691424902,-0.590695021392103,-0.681207439086138,-0.263067611946327,-0.292132697125606,-0.118010954903352,-0.898484990808806,1,-0.229395482189043
"Cluster",-0.159337336004118,-0.159580228534092,-0.159068920100928,-0.174322345217056,-0.152614824900534,-0.119200149638965,-0.178928016988117,-0.197686979714948,-0.126929842871919,-0.222131325784741,-0.147914858069124,-0.136862693617513,-0.0957451308191088,-0.174820524202169,-0.179411601870569,0.0480758426853847,-0.182285254028498,0.225706183665786,-0.225706183665786,-0.0155483753245763,0.0155483753245762,0.190465962768296,-0.190102366845716,-0.12361168211688,-0.154488188525439,0.304057931812344,-0.304057931812344,-0.093656091819766,-0.0713775830172134,-0.0914087159042504,-0.124602099603647,-0.0600981689519556,-0.10136765899702,-0.0768268975821296,-0.123112886698917,-0.0625644075931824,-0.017241442772313,-0.016832516220313,0.0669768487149685,-0.051118087519555,-0.140566331240332,0.0833594464350427,0.274794225414747,-0.229395482189043,1
