;Inwoners naar geslacht en leeftijd|Totaal mannen en vrouwen|Totaal mannen en vrouwen;Inwoners naar geslacht en leeftijd|Totaal mannen en vrouwen|Jonger dan 20 jaar;Inwoners naar geslacht en leeftijd|Totaal mannen en vrouwen|20 tot 65 jaar;Inwoners naar geslacht en leeftijd|Totaal mannen en vrouwen|65 tot 75 jaar;Inwoners naar geslacht en leeftijd|Totaal mannen en vrouwen|75 tot 85 jaar;Inwoners naar geslacht en leeftijd|Totaal mannen en vrouwen|85 jaar of ouder;Inwoners stedelijk en landelijk gebied|Inwoners stedelijk gebied|Totaal stedelijk gebied;Inwoners stedelijk en landelijk gebied|Inwoners stedelijk gebied|Zeer sterk stedelijk;Inwoners stedelijk en landelijk gebied|Inwoners stedelijk gebied|Sterk stedelijk;Inwoners stedelijk en landelijk gebied|Matig stedelijk;Inwoners stedelijk en landelijk gebied|Inwoners landelijk gebied|Totaal landelijk gebied;Inwoners stedelijk en landelijk gebied|Inwoners landelijk gebied|Weinig stedelijk;Inwoners stedelijk en landelijk gebied|Inwoners landelijk gebied|Niet stedelijk;Huishoudens|Eenouderhuishoudens;Woonkernen|Woonkernen: totaal;Woonkernen|Woonkernen: minimaal 500 adressen;Oppervlakten|Land|Land(Gf-Fvw): totaal;Oppervlakten|Land|Land(Gf-Fvw): buitengebied(Gf-Fvw);Oppervlakten|Land|Land(Gf-Fvw): woonkernen(Gf-Fvw);Oppervlakten|Water|Binnenwater(Gf-Fvw): totaal;Oppervlakten|Water|Buitenwater(Gf-Fvw): totaal;Oppervlakten|Bebouwing|Bebouwing: totaal;Oppervlakten|Bebouwing|Bebouwing: woonkernen(Gf-Fvw);Oppervlakten|Bebouwing|Bebouwing: buitengebied(Gf-Fvw);Oppervlakten|Bedrijfsterreinen;Vastgoed|Vastgoed, bron BAG|Woning totaal;Vastgoed|Vastgoed, bron BAG|Woning met functie: logies;Vastgoed|Vastgoed, bron BAG|Niet-woning met functie: logies;Periodieke bijstandsuitkeringen|Totaal bijstandsuitkeringen;Periodieke bijstandsuitkeringen|Algemene bijstand;Periodieke bijstandsuitkeringen|BBZ;Periodieke bijstandsuitkeringen|IOAW;Periodieke bijstandsuitkeringen|IOAZ;Periodieke bijstandsuitkeringen|Adreslozen;Minderheden;Banen van werknemers;Bedrijfsvestigingen;Inwoners in zorginstellingen;Uitwonende studenten
Aa en Hunze;25386;5041;13732;3911;2020;682;0;0;0;0;25390;4140;21250;590;33;6;27601;24821;2780;286;0;270;172;98;;11257;22;1647;348;308;8;24;8;;300;;2840;520;120
Aalburg;;;;;;;;;;;;;;;;;;;;;;;;;;;;;;;;;;;;;;;
Aalsmeer;31728;7768;18130;3213;1904;713;10;0;10;14400;17320;14560;2760;960;3;2;2005;621;1384;1223;0;284;225;60;;13091;3;11;219;204;1;13;1;;1460;;4225;360;150
Aalten;27011;5979;15068;3363;1932;669;910;0;910;8540;17570;9690;7890;652;9;3;9653;8290;1364;52;0;274;165;109;;11971;56;129;273;246;2;22;3;;570;;2530;460;100
Abcoude;;;;;;;;;;;;;;;;;;;;;;;;;;;;;;;;;;;;;;;
Achtkarspelen;27852;6828;15566;3291;1637;530;0;0;0;0;27850;12210;15640;838;13;5;10221;8158;2063;177;0;264;190;74;;12118;7;24;575;507;6;59;3;;290;;2715;240;140
Alblasserdam;20069;5189;10920;2066;1380;514;11380;0;11380;4900;3790;3590;210;582;3;1;873;339;534;133;0;107;90;17;;8324;2;1;328;305;0;22;1;;1160;;1990;160;70
Albrandswaard;25271;6179;14756;2580;1265;491;270;0;270;13660;11340;10500;850;817;2;2;2165;1187;978;211;0;123;108;15;;10347;0;2;269;245;1;21;2;;2345;;2400;570;140
Alkemade;;;;;;;;;;;;;;;;;;;;;;;;;;;;;;;;;;;;;;;
Alkmaar;108558;23017;64626;12542;6144;2229;84770;36660;48110;9050;14750;6230;8520;4239;13;5;11017;7809;3207;718;0;551;467;83;;51127;16;207;2319;2158;13;101;7;40;8345;;12465;1020;1050
Almelo;72849;16484;42194;8157;4410;1604;35700;7020;28680;21340;15810;11100;4710;2669;3;1;6715;4138;2578;225;0;551;412;139;;33472;2;2;2524;2351;20;138;8;7;7925;;6365;890;570
Almere;207904;53198;131272;15681;5762;1991;118420;4630;113790;58180;31310;24330;6980;10658;6;3;12905;7547;5358;2091;9881;807;744;62;;84161;3;12;5149;4655;68;290;22;114;43910;;21165;1650;2200
Alphen aan den Rijn;110986;25517;64637;12446;6254;2132;59330;32490;26840;21410;30250;19870;10380;3402;14;5;12638;8827;3811;612;0;594;510;84;;47753;6;15;1519;1390;10;103;16;;7755;;11850;1320;840
Alphen-Chaam;10149;2131;5732;1326;736;224;0;0;0;0;10150;0;10150;234;8;2;9298;8586;713;54;0;155;57;98;;4342;68;209;78;69;2;7;0;;125;;1440;120;40
Altena;55386;13492;31145;6378;3281;1090;0;0;0;5300;50080;17600;32480;1227;24;11;19960;16401;3559;2704;0;437;330;107;;22221;20;191;488;452;1;33;2;;710;;6750;710;170
Ameland;3673;749;2096;503;254;71;0;0;0;0;3670;0;3670;78;4;3;5654;4788;866;79;21118;56;46;10;;1731;50;1887;7;4;1;2;0;;10;;590;30;20
Amersfoort;156286;39154;94154;13453;6736;2789;125990;45830;80160;18600;11700;9600;2100;5286;3;1;6252;2526;3725;134;0;669;626;43;;67181;2;127;3249;2904;33;219;10;83;16255;;18820;1930;2030
Amstelveen;90838;20785;52652;8914;5681;2806;79030;45550;33480;7050;4750;3200;1560;3111;7;1;4122;1957;2165;286;0;323;303;20;;42035;1;20;1053;982;6;58;7;;7265;;10520;740;3270
Amsterdam;862965;166455;588530;65993;30877;11110;834980;725320;109670;16010;11970;7830;4140;40415;20;4;16517;5578;10939;3158;2274;2397;2138;259;;441490;10;591;37627;33815;331;1580;167;1734;208335;;153240;10040;42930
Andijk;;;;;;;;;;;;;;;;;;;;;;;;;;;;;;;;;;;;;;;
Anna Paulowna;;;;;;;;;;;;;;;;;;;;;;;;;;;;;;;;;;;;;;;
Apeldoorn;162445;35674;93075;19443;10274;3979;110720;27480;83240;18400;33320;11910;21410;5163;24;6;33983;27670;6313;132;0;1011;824;186;;72445;44;2454;3266;3033;23;190;12;8;8705;;16525;3480;1490
Appingedam;11721;2421;6402;1628;949;321;810;0;810;3990;6920;6220;700;470;1;1;2376;1795;582;82;0;82;67;14;;6032;0;5;411;382;0;28;1;;600;;730;250;70
Arcen en Velden;;;;;;;;;;;;;;;;;;;;;;;;;;;;;;;;;;;;;;;
Arnhem;159265;34378;100767;14379;6966;2775;114510;34630;79870;29420;15340;12400;2940;6569;6;1;9772;5579;4193;382;0;663;612;51;;75632;9;91;7304;6764;41;385;16;98;20165;;18000;2690;6080
Assen;67963;15651;38836;7761;4160;1555;24520;6230;18300;21630;21810;16730;5080;2564;3;1;8186;5568;2618;160;0;398;358;41;;31570;3;17;1922;1756;36;99;5;26;2235;;5690;1490;740
Asten;16710;3584;9440;2161;1181;344;2290;0;2290;5160;9260;4730;4530;380;2;2;7024;6269;754;110;0;208;106;102;;6853;5;12;185;177;0;7;1;;285;;2125;220;50
Baarle-Nassau;6847;1271;3749;1033;600;194;0;0;0;0;6850;3450;3400;189;6;1;7610;6999;611;18;0;135;50;85;;2852;5;992;53;47;0;6;0;;110;;1030;70;20
Baarn;24767;5361;13631;3140;1842;793;14000;1290;12710;6290;4480;2970;1520;771;5;1;3253;2297;955;48;0;125;111;15;;11647;1;97;339;305;1;29;4;;1190;;3680;1030;170
Barendrecht;48673;12572;27753;4868;2579;901;32290;1490;30810;14180;2200;1890;310;1534;4;1;1944;532;1412;229;0;229;225;4;;19256;1;57;509;460;5;39;5;;5760;;5405;450;310
Barneveld;57971;16694;31790;5196;3097;1194;13320;0;13320;11150;33510;15900;17600;1086;18;7;17586;14209;3377;80;0;622;360;262;;22249;12;3630;524;477;12;33;2;;1655;;7515;740;290
Bedum;;;;;;;;;;;;;;;;;;;;;;;;;;;;;;;;;;;;;;;
Beek (L.);15929;2801;9053;2246;1359;470;0;0;0;7480;8450;3990;4470;502;3;2;2103;1227;876;0;0;128;98;29;;7485;3;4;231;219;1;9;2;;455;;1750;130;80
Beekdaelen;35727;6511;19986;5197;3008;1025;140;0;140;290;35290;16900;18390;1092;12;7;7831;5003;2828;18;0;272;236;36;;16635;22;80;417;388;2;23;4;;610;;3435;380;180
Beemster;9748;2219;5571;1141;602;215;380;0;380;1490;7880;4370;3520;243;4;2;7059;6404;655;148;0;99;41;58;;3941;5;13;63;59;0;4;0;;220;;1370;210;40
Beesel;13519;2741;7662;1811;983;322;0;0;0;3180;10340;6790;3550;365;2;1;2785;1952;832;131;0;108;93;15;;5959;13;508;183;163;0;19;1;;600;;1080;80;50
Bellingwedde;;;;;;;;;;;;;;;;;;;;;;;;;;;;;;;;;;;;;;;
Bennebroek;;;;;;;;;;;;;;;;;;;;;;;;;;;;;;;;;;;;;;;
Berg en Dal;34798;6797;19530;4791;2651;1029;0;0;0;6960;27840;14050;13790;1018;12;5;8631;6561;2070;697;0;235;185;50;;15619;7;266;713;644;2;62;5;;730;;3595;840;330
Bergambacht;;;;;;;;;;;;;;;;;;;;;;;;;;;;;;;;;;;;;;;
Bergeijk;18491;3863;10565;2336;1329;398;0;0;0;2730;15770;5180;10580;438;9;5;10105;8598;1507;71;0;235;157;77;;7870;78;819;132;125;2;5;0;;185;;2455;110;70
Bergen (L.);13140;2535;7540;1814;948;303;0;0;0;0;13140;4060;9080;332;11;4;10292;9428;864;558;0;134;73;61;;5723;36;21;159;143;1;12;3;;170;;1215;140;50
Bergen (NH.);29974;5508;14892;5321;3041;1212;1640;0;1640;10800;17530;9650;7880;952;5;4;9896;7506;2390;98;2030;213;185;29;;15209;79;2768;275;248;7;18;2;;480;;4295;780;110
Bergen op Zoom;66811;13931;38638;8330;4412;1500;37270;15440;21830;13390;16150;12460;3690;2263;8;2;7989;5710;2279;1324;0;445;352;93;;30380;2;55;1706;1523;12;125;9;37;7985;;6145;1380;370
Berkelland;43904;9221;23877;6192;3466;1148;0;0;0;10460;33440;17710;15730;1011;24;5;25806;23407;2399;215;0;540;265;276;;19541;16;557;526;487;5;28;6;;750;;4670;590;200
Bernheze;30806;7054;17419;3597;1975;761;0;0;0;6310;24490;14160;10330;736;8;4;8971;7544;1427;70;0;333;181;152;;12451;4;11;263;235;1;23;4;;490;;3640;420;130
Bernisse;;;;;;;;;;;;;;;;;;;;;;;;;;;;;;;;;;;;;;;
Best;29821;6771;17411;3173;1874;592;11120;0;11120;9930;8780;6570;2210;911;2;1;3430;2298;1133;80;0;228;183;45;;12535;1;7;400;372;1;25;2;;1270;;3090;80;130
Beuningen;25882;5587;15341;3037;1470;447;5100;0;5100;9330;11450;4320;7130;761;7;3;4351;3156;1195;358;0;168;129;39;;11090;3;240;370;344;4;20;2;;705;;2700;150;140
Beverwijk;41176;8919;24801;4196;2300;960;36420;28680;7740;2160;2600;290;2310;1602;3;2;1837;789;1048;52;120;237;191;46;;19280;0;8;842;796;1;43;2;;3670;;4460;520;240
het Bildt;;;;;;;;;;;;;;;;;;;;;;;;;;;;;;;;;;;;;;;
De Bilt;42824;9974;22656;5228;3296;1670;16850;0;16850;9800;16170;9440;6730;1323;10;4;6616;4670;1946;97;0;242;205;37;;19544;18;434;525;476;11;35;3;;2075;;5955;660;520
Binnenmaas;;;;;;;;;;;;;;;;;;;;;;;;;;;;;;;;;;;;;;;
Bladel;20175;4376;11474;2439;1426;460;0;0;0;6880;13290;7260;6030;490;9;4;7531;6194;1337;32;0;260;173;87;;8618;8;623;130;119;3;8;0;;255;;2455;250;70
Blaricum;11202;2681;5700;1778;828;215;2630;10;2620;2010;6560;5320;1240;324;3;2;1108;494;614;448;0;60;58;2;;4941;1;1;92;87;0;4;1;;555;;1815;60;40
Bloemendaal;23410;5824;11417;3180;1997;992;5060;1770;3280;5950;12400;8710;3700;610;5;3;3976;2790;1186;78;469;118;106;11;;9992;5;107;162;145;1;15;1;;485;;3525;540;110
Boarnsterhim;;;;;;;;;;;;;;;;;;;;;;;;;;;;;;;;;;;;;;;
Bodegraven;;;;;;;;;;;;;;;;;;;;;;;;;;;;;;;;;;;;;;;
Bodegraven-Reeuwijk;34462;8398;19219;3978;2164;703;10120;0;10120;11890;12450;3390;9060;844;18;6;7567;5969;1598;1297;0;231;181;50;;14360;9;341;288;256;6;21;5;;1510;;4565;210;150
Boekel;10588;2487;6120;1178;610;193;0;0;0;0;10590;6670;3920;225;6;1;3451;2839;612;1;0;148;69;79;;4168;5;18;63;57;2;3;1;;115;;1310;300;40
Ten Boer;;;;;;;;;;;;;;;;;;;;;;;;;;;;;;;;;;;;;;;
Bolsward;;;;;;;;;;;;;;;;;;;;;;;;;;;;;;;;;;;;;;;
Borger-Odoorn;25372;5043;14147;3700;1877;605;0;0;0;0;25370;5170;20200;623;36;5;27483;24848;2635;306;0;281;169;112;;11645;26;289;450;403;6;38;3;;305;;2690;240;120
Borne;23210;5485;12737;2815;1637;536;7140;0;7140;8070;8010;5840;2170;593;3;1;2597;1686;911;19;0;143;123;20;;9817;1;2;288;253;4;29;2;;605;;2105;260;150
Borsele;22800;5367;12845;2610;1430;548;0;0;0;0;22800;6990;15810;548;18;6;14140;12522;1618;279;5033;282;118;164;;9785;13;359;197;170;7;18;2;;335;;2500;250;70
Boskoop;;;;;;;;;;;;;;;;;;;;;;;;;;;;;;;;;;;;;;;
Boxmeer;29065;5941;16572;3809;1994;749;720;0;720;7230;21120;4490;16620;730;12;6;11135;9418;1716;250;0;324;183;141;;12427;6;351;284;255;4;21;4;;795;;2845;400;150
Boxtel;30747;6767;17314;3958;1963;745;12150;0;12150;8420;10180;4340;5840;935;4;2;6365;5035;1330;120;0;232;179;53;;13353;2;112;421;378;4;36;3;;1500;;3275;610;200
Breda;183873;39831;110475;18600;10718;4249;117340;64920;52420;38030;28510;22550;5960;6278;5;1;12559;6889;5669;309;0;1041;918;122;;83793;11;94;4168;3800;25;292;11;40;14830;;22290;2560;7480
Breukelen;;;;;;;;;;;;;;;;;;;;;;;;;;;;;;;;;;;;;;;
Brielle;17182;3418;9926;2232;1209;397;1600;0;1600;5030;10550;6480;4080;561;3;3;2756;2095;661;358;0;89;70;19;;7963;3;36;201;179;1;21;0;;510;;1835;150;90
Bronckhorst;36212;7401;19628;5268;2895;1020;0;0;0;0;36210;14540;21670;752;24;6;28347;26119;2228;295;0;458;189;269;;16152;11;415;296;260;5;28;3;;400;;4690;380;130
Brummen;20698;4069;11436;2839;1785;569;0;0;0;9100;11600;5890;5710;562;7;2;8362;7167;1195;140;0;179;118;61;;9310;7;386;272;247;3;20;2;;915;;2130;330;90
Brunssum;28103;5066;16227;3765;2260;785;17750;1030;16710;8720;1640;1500;140;1132;1;1;1725;716;1009;9;0;170;154;16;;14479;3;1;754;722;3;23;6;;905;;1850;440;130
Bunnik;15192;3705;8123;1753;1192;419;0;0;0;0;15190;11570;3620;356;3;3;3689;2967;722;68;0;113;81;32;;6379;0;13;108;96;2;9;1;;405;;2065;140;190
Bunschoten;21576;5647;12408;2124;1089;308;6980;0;6980;6390;8210;6970;1240;432;2;1;3040;2294;746;442;0;143;122;22;;8414;6;14;158;146;4;6;2;;690;;2410;250;100
Buren;26568;5916;15358;3367;1485;442;0;0;0;0;26570;4260;22310;666;22;8;13382;11405;1977;910;0;271;154;117;;10604;19;385;206;182;0;21;3;;390;;3705;140;70
Bussum;;;;;;;;;;;;;;;;;;;;;;;;;;;;;;;;;;;;;;;
Capelle aan den IJssel;66818;14754;38672;7995;3814;1583;60790;20570;40220;6020;0;0;0;3439;1;1;1423;40;1383;117;0;228;225;3;;30853;2;1;1793;1664;5;115;9;;10065;;6680;610;730
Castricum;35772;7536;19444;4789;2925;1078;14630;0;14630;5170;15970;13590;2390;928;7;3;4956;3551;1404;566;519;188;168;20;;15973;32;143;303;275;7;20;1;;695;;4040;490;230
Coevorden;35483;7515;19527;4793;2647;1001;700;0;700;5820;28960;6590;22380;1000;27;8;29614;26603;3011;355;0;414;237;177;;15521;19;1749;708;655;11;39;3;;700;;3575;450;160
Cranendonck;20440;4086;11492;2845;1551;466;0;0;0;2400;18040;10000;8050;533;10;4;7652;6140;1512;153;0;228;161;68;;8962;2;38;240;214;2;20;4;;480;;2345;240;90
Cromstrijen;;;;;;;;;;;;;;;;;;;;;;;;;;;;;;;;;;;;;;;
Cuijk;24931;5307;14349;3097;1688;490;2020;0;2020;8290;14630;6940;7690;759;6;3;5119;3852;1267;588;0;220;149;71;;11094;7;25;374;348;5;21;0;;1820;;2230;250;160
Culemborg;28555;6733;16676;3070;1531;545;13190;0;13190;11790;3580;2800;780;937;1;1;2931;2060;871;183;0;183;160;23;;12390;7;198;489;448;2;34;5;;3235;;3200;330;230
Dalfsen;28499;6895;15717;3251;1988;648;0;0;0;3810;24690;11040;13650;517;9;3;16500;14918;1583;151;0;337;163;174;;11722;3;318;256;226;5;23;2;;325;;3120;220;130
Dantumadeel;;;;;;;;;;;;;;;;;;;;;;;;;;;;;;;;;;;;;;;
Dantumadiel;18923;4366;10430;2384;1319;424;0;0;0;0;18920;7980;10950;417;9;3;8456;7215;1240;297;0;160;113;47;;8147;2;13;434;378;2;47;7;;205;;1625;380;100
Delft;103163;18631;68324;9576;4656;1976;96750;74320;22430;6160;260;10;250;3517;1;1;2269;559;1710;137;0;351;337;14;;50610;3;22;2928;2674;13;142;6;93;9515;;10035;910;15340
Delfzijl;24716;4872;13659;3363;2117;705;390;0;390;6730;17600;7410;10190;951;11;3;13304;11587;1716;542;8904;269;152;116;;12182;6;24;870;814;3;50;3;;1800;;1845;330;110
Deurne;32362;6970;18561;3892;2242;697;6510;0;6510;7370;18480;6100;12380;818;6;3;11681;9939;1742;155;0;403;218;184;;13887;7;114;339;302;1;32;4;;705;;3715;580;150
Deventer;99957;22616;59460;10125;5477;2279;48920;24550;24370;26230;24810;15550;9260;3517;8;2;13049;9843;3205;385;0;583;460;123;;45313;7;17;2675;2478;19;131;6;41;9260;;9775;1390;1890
Diemen;29196;6071;18540;2608;1408;569;23710;15570;8150;4930;550;460;90;1244;1;1;1186;589;597;107;110;96;93;4;;13803;0;30;393;356;5;29;3;;5220;;3270;270;2420
Dijk en Waard;;;;;;;;;;;;;;;;;;;;;;;;;;;;;;;;;;;;;;;
Dinkelland;26350;5967;14673;3098;1889;723;0;0;0;2050;24300;10020;14290;502;11;5;17571;15930;1642;111;0;323;157;165;;10900;137;106;183;153;4;25;1;;290;;3065;410;100
Dirksland;;;;;;;;;;;;;;;;;;;;;;;;;;;;;;;;;;;;;;;
Doesburg;11148;2125;6223;1724;833;243;0;0;0;2340;8810;7990;820;423;1;1;1158;758;400;138;0;62;51;11;;5286;1;0;266;244;2;18;2;;950;;1015;90;60
Doetinchem;57555;12607;33016;6888;3700;1344;13270;0;13270;18350;25940;17500;8440;1758;7;3;7899;5190;2709;66;0;434;357;77;;25926;4;46;1163;1077;6;67;5;8;2635;;5995;1170;390
Dongen;26051;5575;15010;3172;1698;596;7490;0;7490;9880;8680;4600;4080;735;3;2;2925;1826;1099;49;0;199;148;51;;11241;6;11;289;267;1;20;1;;1275;;2620;400;130
Dongeradeel;;;;;;;;;;;;;;;;;;;;;;;;;;;;;;;;;;;;;;;
Dordrecht;118654;25738;70434;12854;6850;2778;101580;49690;51900;12610;4460;3330;1130;4711;3;2;7707;5007;2700;2239;0;530;459;70;;55008;1;33;3641;3368;5;172;10;86;16275;;11605;2010;1160
Drechterland;19597;4513;10926;2580;1215;363;0;0;0;30;19570;9070;10500;497;11;3;5887;4347;1539;67;2105;172;113;59;;8280;24;134;156;149;1;6;0;;375;;2320;180;70
Drimmelen;27150;5471;15653;3641;1812;573;1220;0;1220;6220;19710;10710;9000;637;7;5;9472;8119;1353;2471;0;208;153;54;;11779;0;28;160;143;1;14;2;;365;;3045;490;90
Dronten;40815;9848;23701;4200;2235;831;2510;0;2510;8400;29910;21740;8170;1163;12;3;33362;31011;2351;5766;3261;397;240;157;;17140;169;1009;585;536;14;26;9;;1990;;4505;260;770
Druten;18797;4204;11022;2131;1103;337;0;0;0;8060;10740;5010;5720;567;5;4;3757;2832;924;489;0;146;109;36;;8047;6;7;250;230;2;17;1;;890;;1990;470;90
Duiven;25332;5662;15018;2757;1415;480;5320;0;5320;10840;9170;6010;3160;780;6;1;3392;2224;1168;127;0;186;135;52;;10708;0;2;427;379;1;45;2;;795;;2420;150;160
Echt-Susteren;31638;5527;18140;4626;2480;865;1140;0;1140;7210;23290;10250;13050;924;12;5;10303;8148;2155;159;0;302;227;76;;14540;11;580;437;400;2;26;9;;605;;3285;690;110
Edam-Volendam;36099;8269;20331;4641;2298;560;17120;0;17120;7930;11050;4550;6510;864;12;2;5434;4102;1332;303;2262;201;173;28;;15029;7;235;273;259;1;11;2;;935;;4845;320;120
Ede;115710;28862;65811;11763;6603;2671;59080;17030;42050;18350;38280;15240;23050;2686;24;6;31816;26965;4851;46;0;885;576;310;;48552;13;1030;1649;1476;3;105;4;61;6600;;13100;1520;2200
Eemnes;9113;2162;5102;1135;553;161;0;0;0;4150;4960;4300;660;299;3;1;3106;2579;527;265;0;56;45;12;;3910;0;1;74;68;0;6;0;;225;;1375;60;30
Eemsdelta;;;;;;;;;;;;;;;;;;;;;;;;;;;;;;;;;;;;;;;
Eemsmond;;;;;;;;;;;;;;;;;;;;;;;;;;;;;;;;;;;;;;;
Eersel;19110;3948;10928;2292;1463;479;0;0;0;4690;14420;3940;10480;416;11;4;8246;6814;1432;87;0;217;128;89;;8277;3;202;127;122;1;4;0;;220;;2415;440;80
Eijsden;;;;;;;;;;;;;;;;;;;;;;;;;;;;;;;;;;;;;;;
Eijsden-Margraten;25658;5066;14245;3572;2112;663;0;0;0;3710;21950;5600;16350;574;20;5;7756;5629;2127;121;0;219;180;39;;11208;36;316;207;193;0;13;1;;355;;2735;350;130
Eindhoven;231642;45815;147186;20699;12704;5238;193310;111400;81910;24620;13710;12730;980;8214;3;1;8750;2826;5924;141;0;1231;1106;125;;111295;9;30;6376;5790;71;322;27;166;26415;;25350;2220;12740
Elburg;23086;5895;12686;2653;1356;496;0;0;0;3510;19570;13430;6140;501;7;3;6382;4948;1433;209;0;163;129;34;;9268;34;396;217;206;1;9;1;;265;;2145;370;100
Emmen;107113;22386;60579;13900;7677;2571;9880;0;9880;31880;65350;25010;40340;3663;29;11;33579;26759;6819;1047;0;894;672;222;;49187;19;373;3315;3032;26;204;11;42;2860;;9270;1330;750
Enkhuizen;18507;3966;10551;2408;1189;393;7340;0;7340;9860;1310;1100;210;688;1;1;1265;738;526;230;10130;121;100;21;;8754;16;15;323;306;3;12;2;;795;;2060;250;110
Enschede;158986;34046;96884;16027;8952;3077;110540;50070;60460;24010;24450;13270;11170;5760;8;2;14068;9093;4975;205;0;910;768;142;;74588;6;206;6050;5674;54;280;23;19;16075;;14075;2640;10190
Epe;33145;6965;17935;4588;2665;992;900;0;900;8410;23830;13480;10350;791;12;4;15610;13560;2050;127;0;290;176;113;;14349;3;815;397;364;4;25;4;;1340;;3485;460;140
Ermelo;26858;5917;14720;3441;2025;755;3160;0;3160;11340;12360;8350;4010;617;9;1;8562;6397;2165;170;0;226;189;37;;11002;2;2978;332;303;3;22;4;;735;;3075;1220;150
Etten-Leur;43774;9909;25021;5298;2695;851;28030;0;28030;8520;7220;5090;2130;1392;3;1;5529;4102;1427;63;0;341;249;92;;18967;0;22;662;605;5;50;2;;2755;;4175;560;220
Ferwerderadiel;;;;;;;;;;;;;;;;;;;;;;;;;;;;;;;;;;;;;;;
Franekeradeel;;;;;;;;;;;;;;;;;;;;;;;;;;;;;;;;;;;;;;;
De Friese Meren;;;;;;;;;;;;;;;;;;;;;;;;;;;;;;;;;;;;;;;
De Fryske Marren;51430;11620;28088;6817;3612;1293;790;0;790;10060;40580;14100;26480;1257;43;11;35110;31034;4076;6706;13094;545;337;208;;23209;1209;1634;770;674;24;58;14;;875;;6555;610;280
Gaasterlân-Sleat;;;;;;;;;;;;;;;;;;;;;;;;;;;;;;;;;;;;;;;
Geertruidenberg;21515;4690;12340;2719;1346;420;5350;0;5350;8390;7780;5570;2220;652;2;2;2658;1734;924;306;0;191;148;43;;9638;3;20;280;255;2;23;0;;520;;2300;320;80
Geldermalsen;;;;;;;;;;;;;;;;;;;;;;;;;;;;;;;;;;;;;;;
Geldrop-Mierlo;39595;8576;22414;4801;2851;953;15030;0;15030;12430;12140;10310;1820;1285;2;2;3101;1573;1529;37;0;249;226;23;;17640;5;123;675;615;2;49;9;;1760;;3780;250;310
Gemert-Bakel;30447;6723;17873;3485;1780;586;4310;0;4310;7660;18470;7780;10700;808;11;4;12208;10649;1559;126;0;370;190;180;;12754;15;289;351;325;1;20;5;;460;;3400;210;110
Gennep;17071;3564;9590;2302;1228;387;0;0;0;4350;12720;5210;7510;444;5;3;4748;3559;1190;294;0;182;114;68;;7408;4;790;239;218;0;20;1;;465;;1620;680;60
Giessenlanden;;;;;;;;;;;;;;;;;;;;;;;;;;;;;;;;;;;;;;;
Gilze en Rijen;26431;5811;15169;3236;1720;495;8740;0;8740;5680;12010;8890;3120;795;8;2;6538;5152;1386;28;0;246;180;66;;11270;7;213;419;383;4;30;2;;1590;;2660;260;140
Goedereede;;;;;;;;;;;;;;;;;;;;;;;;;;;;;;;;;;;;;;;
Goeree-Overflakkee;49611;11064;27858;5978;3413;1298;3280;0;3280;6870;39460;20620;18850;1062;25;14;26149;22281;3868;11719;4367;417;310;107;;21597;66;4379;467;424;5;35;3;;740;;5255;990;160
Goes;37653;7737;21070;4838;2763;1245;14650;0;14650;7260;15750;7590;8160;1173;7;3;9268;7386;1882;616;307;267;225;43;;18251;4;148;712;653;12;42;5;;1445;;4420;810;220
Goirle;23793;5393;13003;3252;1660;485;7550;0;7550;7080;9160;5980;3190;682;3;2;4297;3438;859;41;0;168;137;31;;10291;4;18;255;237;1;16;1;;670;;2485;350;150
Gooise Meren;57715;14659;30790;6312;4119;1835;35980;15540;20440;8830;12900;7240;5670;1846;9;3;4138;2343;1796;1282;2101;269;251;18;;26508;4;84;808;735;7;60;6;;2785;;9515;650;450
Gorinchem;36682;8278;21732;3765;2115;792;22310;2830;19480;10780;3600;2080;1520;1234;2;1;1867;867;1000;326;0;197;167;30;;16599;11;5;797;732;6;56;3;;4605;;3955;460;310
Gouda;73181;16680;42695;7890;4246;1670;62520;34730;27790;8070;2590;2380;210;2411;1;1;1662;248;1414;150;0;277;274;2;;33174;15;48;1568;1451;6;85;6;20;9680;;7160;1050;1030
Graafstroom;;;;;;;;;;;;;;;;;;;;;;;;;;;;;;;;;;;;;;;
Graft-De Rijp;;;;;;;;;;;;;;;;;;;;;;;;;;;;;;;;;;;;;;;
Grave;12483;2620;7093;1663;833;274;0;0;0;1010;11480;8070;3410;341;3;1;2713;2017;697;90;0;88;63;25;;5446;6;38;137;127;0;9;1;;305;;1170;330;70
's-Gravenhage (gemeente);537833;123145;336668;45585;22778;9657;501930;443590;58340;26560;9340;7050;2300;24749;3;3;8241;1003;7238;356;1216;1547;1523;24;;259264;18;628;23345;20939;85;1006;72;1243;138430;;67130;8060;16900
Groesbeek;;;;;;;;;;;;;;;;;;;;;;;;;;;;;;;;;;;;;;;
Groningen (gemeente);231299;43533;154417;19542;9684;4123;163080;129320;33760;30240;37980;20580;17400;7645;18;3;18529;12059;6470;1267;0;1042;927;115;;114733;7;351;10484;9648;202;480;33;121;12340;;24030;2680;35250
Grootegast;;;;;;;;;;;;;;;;;;;;;;;;;;;;;;;;;;;;;;;
Gulpen-Wittem;14246;2283;8013;2251;1267;432;0;0;0;0;14250;3020;11230;349;20;4;7317;5925;1392;19;0;118;87;31;;6821;86;379;141;123;0;12;6;;155;;1590;230;70
Haaksbergen;24277;5310;13207;3175;1989;596;3790;0;3790;8360;12130;7230;4900;575;6;1;10473;9327;1146;77;0;256;159;97;;10410;9;301;311;287;3;15;6;;960;;2555;340;110
Haaren;14195;2910;8066;1909;1037;273;0;0;0;0;14200;5470;8730;315;6;3;5758;4729;1029;98;0;146;83;64;;5904;14;301;91;79;6;5;1;;185;;1905;440;60
Haarlem;161265;35489;98305;15586;8457;3428;156760;126810;29950;3440;1060;350;720;5934;2;1;2916;387;2530;293;0;587;580;7;;75633;35;25;3444;3073;24;158;15;174;16755;;21625;1620;2850
Haarlemmerliede en Spaarnwoude;;;;;;;;;;;;;;;;;;;;;;;;;;;;;;;;;;;;;;;
Haarlemmermeer;154235;37242;91251;15618;7693;2431;88000;16900;71100;32660;33580;19870;13710;5424;30;10;19740;13821;5919;891;0;1041;809;232;;63511;6;324;1825;1698;13;108;6;;13590;;19570;1240;1150
Halderberge;30194;6075;17130;4068;2197;724;1370;0;1370;4500;24330;16230;8100;857;9;5;7448;5679;1769;74;0;293;191;102;;13310;5;206;414;374;2;34;4;;1640;;3215;430;110
Hardenberg;60574;14960;34485;6370;3555;1204;0;0;0;10090;50480;17710;32780;1323;25;9;31218;27331;3887;497;0;651;345;306;;24513;10;1391;801;726;1;64;10;;820;;5900;860;290
Harderwijk;47581;11602;27334;5055;2630;960;21640;0;21640;19500;6450;2900;3550;1469;2;1;3896;2117;1779;931;0;279;250;29;;19450;4;758;823;767;4;49;3;;4320;;4925;470;330
Hardinxveld-Giessendam;18051;4714;9982;1842;1083;430;0;0;0;8550;9500;7910;1590;318;3;1;1685;979;706;251;0;109;103;5;;7312;0;7;145;135;1;8;1;;310;;1930;210;80
Haren;;;;;;;;;;;;;;;;;;;;;;;;;;;;;;;;;;;;;;;
Harenkarspel;;;;;;;;;;;;;;;;;;;;;;;;;;;;;;;;;;;;;;;
Harlingen;15758;3431;8448;2258;1257;364;1620;0;1620;6800;7340;5800;1540;575;2;1;2495;1833;663;168;36103;121;91;30;;7627;2;5;512;465;9;37;1;;355;;1675;250;110
Hattem;12173;2941;6531;1512;872;317;0;0;0;3630;8550;6420;2130;261;2;1;2307;1596;711;108;0;76;65;12;;5277;0;126;103;89;2;11;1;;190;;1200;140;70
Heemskerk;39164;8226;22347;4520;2961;1110;32220;16990;15220;3120;3830;2050;1780;1420;3;1;2727;1531;1196;44;397;165;153;12;;17501;1;5;725;691;3;29;2;;2305;;3260;560;230
Heemstede;27286;6448;13566;3622;2480;1170;18610;2080;16530;2940;5730;5130;600;778;1;1;918;181;736;47;0;120;114;6;;12587;1;0;230;206;5;16;3;;830;;3815;600;120
Heerde;18546;4156;10055;2458;1377;500;0;0;0;2240;16300;10240;6060;363;8;2;7854;6602;1251;188;0;154;106;48;;7888;6;72;156;140;1;15;0;;225;;1740;260;70
Heerenveen;50257;11363;28096;5991;3466;1341;14310;1310;13000;6830;29110;8920;20190;1638;24;5;18986;15961;3025;831;0;457;301;156;;23532;11;116;1249;1097;43;95;14;;1790;;5610;680;530
Heerhugowaard;56742;14163;32647;6166;3038;728;34950;5480;29470;11400;10400;5980;4420;1929;4;2;3811;2036;1774;189;0;304;262;42;;23411;4;7;708;677;3;25;3;;4215;;5335;850;320
Heerlen;86832;15549;51500;10911;6342;2530;59870;8970;50900;20120;6850;5760;1090;4095;4;1;4491;1250;3241;62;0;519;473;46;;45834;6;12;3799;3645;17;100;11;26;5310;;6900;1330;1000
Heeze-Leende;15964;3248;8896;2103;1267;450;0;0;0;2640;13320;7330;5990;347;7;2;10394;9340;1055;110;0;171;107;64;;6817;17;200;109;97;1;8;3;;245;;2105;340;70
Heiloo;23464;5057;12188;3205;2181;833;9160;0;9160;5670;8630;7640;990;616;3;1;1869;893;977;32;0;121;113;8;;10574;0;2;199;188;2;8;1;;445;;2645;250;110
Helden;;;;;;;;;;;;;;;;;;;;;;;;;;;;;;;;;;;;;;;
Den Helder;55604;11067;32022;7349;3846;1320;33120;7450;25670;16220;6260;4280;1990;2380;4;2;4510;2541;1968;343;13027;333;275;58;;28056;3;1447;1526;1467;8;40;4;7;2950;;3690;1220;280
Hellendoorn;35808;8215;19817;4492;2452;832;3720;0;3720;9070;23020;12750;10270;822;8;2;13791;11861;1930;108;0;324;209;116;;14734;25;489;386;334;2;48;2;;475;;3250;580;160
Hellevoetsluis;40049;8440;23223;5418;2249;719;22270;1660;20600;10190;7590;4520;3080;1508;3;2;4110;2808;1302;1899;112;183;158;26;;17907;15;540;714;665;0;48;1;;2615;;3160;380;190
Helmond;91524;21261;54562;9342;4881;1478;50980;16150;34840;19760;20790;17290;3500;3337;1;1;5313;2232;3081;162;0;584;501;83;;40319;2;8;2332;2166;8;139;9;10;8600;;8220;540;600
Hendrik-Ido-Ambacht;30966;8342;17472;2905;1641;606;24970;1130;23840;4660;1340;1270;70;785;1;1;1049;339;710;141;0;114;112;2;;12214;0;0;308;292;1;12;3;;1560;;2780;240;170
Hengelo (O.);80683;17608;46961;8947;5104;2063;48120;17510;30610;18720;13840;10820;3020;2750;3;1;6082;3320;2762;101;0;522;456;66;;38373;4;61;2146;1960;19;145;22;;6990;;8025;740;1210
's-Hertogenbosch;154205;32566;94147;16307;8243;2942;89270;33940;55330;27230;37700;22380;15320;5230;8;5;10943;5736;5206;839;0;866;775;91;;72003;34;246;3258;2970;25;157;16;90;11975;;20220;1940;3230
Heumen;16486;3563;9007;2164;1321;431;0;0;0;5480;11010;6000;5010;446;4;2;3970;2984;986;184;0;123;89;34;;7160;6;107;233;206;7;18;2;;345;;1860;240;140
Heusden;44135;9564;25575;5253;2859;884;11620;0;11620;11530;20990;11680;9310;1157;3;2;7880;5705;2174;242;0;338;280;59;;18759;21;15;485;441;4;35;5;;1970;;5050;380;200
Hillegom;21966;4739;12701;2558;1428;540;13860;0;13860;4750;3360;1190;2170;665;2;1;1291;475;817;55;0;132;116;17;;9766;2;9;241;214;3;23;1;;705;;2340;330;100
Hilvarenbeek;15334;3300;8625;1942;1157;310;0;0;0;2380;12960;5560;7400;319;9;2;9483;8380;1103;168;0;198;105;94;;6591;3;585;116;101;3;11;1;;185;;2055;170;70
Hilversum;90238;20502;52614;9195;5523;2404;74660;51340;23310;8920;6660;5220;1440;3254;5;2;4544;2375;2168;91;0;394;383;11;;42324;4;20;2037;1826;21;106;13;71;7370;;12615;1240;1110
Hoeksche Waard;86656;19019;48469;11356;5837;1975;9790;0;9790;20110;56760;27880;28880;2226;29;12;26851;22588;4263;5517;0;595;472;124;;37542;23;22;788;725;7;53;3;;1745;;9350;970;360
Hof van Twente;34940;7438;18805;4677;2970;1050;0;0;0;6210;28730;15020;13710;797;9;5;21236;19361;1875;305;0;444;208;236;;15122;27;521;409;365;6;33;5;;710;;4260;420;180
Het Hogeland;47888;10634;26243;6719;3188;1104;0;0;0;1950;45930;15450;30490;1478;39;12;47838;43695;4143;2033;40887;576;306;270;;22631;388;28;1020;927;16;73;4;;795;;4630;720;350
Hollands Kroon;47815;10766;27246;5830;3057;916;0;0;0;1040;46780;18900;27880;1301;29;10;35752;32567;3184;1772;28696;521;265;256;;20786;13;135;475;436;7;28;4;;770;;5705;360;150
Hoogeveen;55662;12886;30987;6561;3809;1419;17310;2460;14850;12690;25660;10980;14680;1769;17;4;12760;10044;2716;165;0;445;337;108;;25147;90;39;1189;1108;6;62;13;;1375;;4975;930;310
Hoogezand-Sappemeer;;;;;;;;;;;;;;;;;;;;;;;;;;;;;;;;;;;;;;;
Hoorn;73004;16706;42415;8661;3936;1286;43520;0;43520;20420;9060;8900;160;3053;1;1;2027;138;1889;119;3200;342;339;3;;32744;7;3;1439;1302;14;86;5;32;6725;;7405;700;480
Horst aan de Maas;42291;8850;24475;4989;2964;1013;1160;0;1160;7700;33440;12140;21300;953;17;9;18866;15983;2883;326;0;516;276;240;;17672;30;1458;319;293;3;21;2;;550;;4325;530;160
Houten;49911;13260;29509;4563;1870;709;29910;0;29910;10370;9630;6080;3550;1486;9;2;5490;3903;1587;408;0;255;213;42;;20271;3;41;493;450;7;35;1;;2245;;5820;390;390
Huizen;41273;9020;22831;5528;2867;1027;29440;12030;17410;7780;4050;2920;1130;1455;5;1;1581;473;1108;751;0;170;164;6;;18874;12;5;692;633;12;45;2;;3030;;5080;610;210
Hulst;27524;5101;15625;3798;2156;844;0;0;0;3060;24470;7130;17340;716;16;4;20124;17851;2274;341;4717;286;199;87;;13520;10;7;270;243;1;23;3;;430;;2540;550;50
IJsselstein;34160;8442;19802;3479;1774;663;22680;4220;18450;10400;1080;570;510;1254;2;1;2092;1378;714;76;0;151;133;19;;14377;4;4;496;461;3;30;2;;3365;;3590;330;200
Jacobswoude;;;;;;;;;;;;;;;;;;;;;;;;;;;;;;;;;;;;;;;
Kaag en Braassem;26866;5882;15470;3261;1693;560;0;0;0;5360;21510;10830;10680;714;17;6;6317;4694;1623;907;0;189;147;42;;11486;11;335;227;210;0;16;1;;660;;3355;190;120
Kampen;53779;14295;30450;5115;2917;1002;23740;2520;21220;10470;19570;9120;10450;1312;9;1;14133;12158;1975;2046;0;371;263;108;;22097;11;9;829;759;4;63;3;;1805;;5155;750;520
Kapelle;12785;3165;6998;1486;800;336;0;0;0;1110;11670;9070;2600;297;4;2;3706;2995;711;110;1146;119;91;28;;5350;4;225;83;75;3;4;1;;225;;1375;110;60
Katwijk;65302;16447;37368;6750;3577;1160;55200;18700;36500;6990;3110;2130;990;1599;4;1;2472;1075;1396;166;477;300;259;42;;26724;7;79;822;768;1;50;3;;1705;;5415;780;370
Kerkrade;45642;7621;26466;6511;3790;1254;26140;5660;20480;13310;6190;5850;340;1881;1;1;2191;584;1607;24;0;294;260;34;;23679;1;4;1525;1454;8;58;5;;1765;;3075;960;170
Kessel;;;;;;;;;;;;;;;;;;;;;;;;;;;;;;;;;;;;;;;
Koggenland;22738;5387;12795;2735;1352;469;0;0;0;20;22720;11050;11660;549;19;5;8037;6334;1703;292;79;190;127;63;;9395;21;5;165;153;2;7;3;;400;;2755;280;80
Kollumerland en Nieuwkruisland;;;;;;;;;;;;;;;;;;;;;;;;;;;;;;;;;;;;;;;
Korendijk;;;;;;;;;;;;;;;;;;;;;;;;;;;;;;;;;;;;;;;
Krimpen aan den IJssel;29376;7021;15318;3713;2433;891;24010;2780;21230;4520;840;830;10;988;1;1;767;125;642;128;0;128;119;9;;12527;0;1;462;428;4;28;2;;1455;;2545;270;170
Krimpenerwaard;56048;13108;31259;6674;3699;1308;2070;0;2070;15310;38660;24540;14120;1335;24;9;14910;12306;2604;1221;0;382;285;97;;23787;14;25;635;581;0;47;7;;2115;;6375;560;330
Laarbeek;22333;4824;12634;2847;1560;468;0;0;0;3750;18590;10670;7920;531;7;4;5535;4366;1169;82;0;229;143;86;;9446;4;2;195;182;1;10;2;;355;;2470;190;80
Land van Cuijk;;;;;;;;;;;;;;;;;;;;;;;;;;;;;;;;;;;;;;;
Landerd;15529;3437;8766;1980;1026;320;0;0;0;0;15530;9030;6500;337;6;3;7036;6036;1000;35;0;188;101;87;;6300;8;252;132;124;0;7;1;;215;;1820;260;60
Landgraaf;37591;6700;21601;5450;2866;974;20770;0;20770;12340;4480;3160;1320;1395;3;1;2460;999;1461;6;0;217;204;12;;18139;2;12;988;929;2;55;2;;900;;2540;850;170
Landsmeer;11488;2647;6430;1369;767;275;0;0;0;7530;3960;2340;1620;422;6;1;2244;1712;532;406;0;58;50;8;;4853;3;1;119;109;0;9;1;;535;;1685;60;50
Langedijk;27992;6576;15726;3572;1621;497;20;0;20;13060;14910;12330;2580;848;7;2;2366;1239;1126;337;0;167;154;13;;11567;34;4;280;250;8;16;6;;800;;3025;210;140
Lansingerland;61601;17431;34886;5369;2882;1033;21920;0;21920;26550;13140;9560;3580;1893;7;2;5325;3185;2140;312;0;385;277;108;;23802;1;15;569;521;4;42;2;;4200;;7440;500;350
Laren (NH.);11195;2435;5261;1690;1155;654;0;0;0;8250;2950;1960;990;377;1;1;1239;600;639;2;0;73;70;3;;5280;2;4;106;96;1;8;1;;250;;2310;470;40
Leek;;;;;;;;;;;;;;;;;;;;;;;;;;;;;;;;;;;;;;;
Leerdam;;;;;;;;;;;;;;;;;;;;;;;;;;;;;;;;;;;;;;;
Leeuwarden;123107;26354;74139;13033;6890;2691;66750;42030;24720;17330;39030;18550;20480;4648;23;5;23814;18800;5015;1748;0;791;674;117;;61492;44;384;5579;5040;98;335;35;71;5585;;12190;1750;6710
Leeuwarderadeel;;;;;;;;;;;;;;;;;;;;;;;;;;;;;;;;;;;;;;;
Leiden;124899;23448;82577;11307;5428;2139;123190;95360;27840;1440;270;160;110;3773;1;1;2186;295;1891;141;0;419;413;6;;59088;21;107;3109;2832;10;153;12;102;11850;;13010;1110;13800
Leiderdorp;27109;6026;14990;3448;1944;701;20060;14530;5520;6050;1010;850;160;821;2;1;1151;587;564;77;0;105;101;4;;12121;4;3;346;323;1;19;3;;1915;;2735;200;340
Leidschendam-Voorburg;75425;16080;42088;9241;5672;2344;70630;44480;26160;2420;2370;60;2310;2947;4;2;3252;1774;1478;310;0;252;235;18;;36781;1;6;1744;1602;24;110;8;;6175;;7505;770;860
Lelystad;77893;19098;45255;9192;3375;973;36310;0;36310;18730;22860;16020;6840;3530;6;1;23008;19985;3023;3440;50097;461;348;113;;32893;6;408;1920;1758;32;125;5;;11885;;7820;760;600
Lemsterland;;;;;;;;;;;;;;;;;;;;;;;;;;;;;;;;;;;;;;;
Leudal;35681;6886;20180;4866;2712;1037;0;0;0;0;35680;11810;23880;847;19;8;16251;13498;2753;239;0;435;250;185;;15832;79;296;321;297;1;22;1;;565;;3695;640;110
Leusden;30030;6964;16618;3766;2003;679;9930;0;9930;8460;11640;7810;3820;814;4;2;5852;4829;1022;38;0;173;128;46;;12905;8;4;297;254;5;37;1;;835;;3735;300;190
Liesveld;;;;;;;;;;;;;;;;;;;;;;;;;;;;;;;;;;;;;;;
Lingewaal;;;;;;;;;;;;;;;;;;;;;;;;;;;;;;;;;;;;;;;
Lingewaard;46475;10695;26028;5936;2893;923;6240;0;6240;15130;25110;13530;11580;1306;5;4;6193;3946;2247;721;0;293;236;56;;19783;11;5;490;431;1;53;5;;885;;4510;550;260
Lisse;22800;4957;12735;2856;1646;606;13080;0;13080;6700;3020;1460;1560;706;3;2;1569;930;639;36;0;131;115;16;;10217;3;4;213;187;2;22;2;;520;;2505;140;120
Lith;;;;;;;;;;;;;;;;;;;;;;;;;;;;;;;;;;;;;;;
Littenseradiel;;;;;;;;;;;;;;;;;;;;;;;;;;;;;;;;;;;;;;;
Lochem;33590;6872;17421;4966;3143;1188;2470;0;2470;7140;23980;4810;19170;739;19;6;21303;18971;2332;291;0;375;182;193;;14997;4;1163;393;351;3;36;3;;1030;;4360;660;160
Loenen;;;;;;;;;;;;;;;;;;;;;;;;;;;;;;;;;;;;;;;
Loon op Zand;23327;4871;13286;2951;1666;553;3970;0;3970;8320;11040;7790;3250;637;5;2;4991;3989;1003;80;0;172;135;37;;10317;8;273;223;197;3;22;1;;600;;2505;270;90
Lopik;14473;3589;8427;1495;754;208;0;0;0;40;14430;5230;9200;343;13;2;7576;6145;1431;322;0;138;98;41;;5660;0;54;123;117;0;6;0;;480;;1800;120;50
Loppersum;9614;2045;5446;1333;573;217;0;0;0;0;9610;0;9610;249;15;2;11103;9992;1111;96;0;131;61;70;;4698;6;0;204;181;1;20;2;;130;;1050;110;60
Losser;22622;4859;12491;3100;1685;487;0;0;0;5780;16840;9160;7680;633;7;3;9876;8653;1223;86;0;191;121;71;;9733;9;105;282;262;1;16;3;;475;;2060;520;130
Maarssen;;;;;;;;;;;;;;;;;;;;;;;;;;;;;;;;;;;;;;;
Maasbree;;;;;;;;;;;;;;;;;;;;;;;;;;;;;;;;;;;;;;;
Maasdonk;;;;;;;;;;;;;;;;;;;;;;;;;;;;;;;;;;;;;;;
Maasdriel;24693;5534;14547;2818;1335;459;0;0;0;960;23730;10860;12880;642;14;5;6585;5015;1570;961;0;276;174;102;;9947;14;290;222;201;1;16;4;;470;;3550;200;80
Maasgouw;23716;4094;13475;3546;1949;652;0;0;0;0;23720;7480;16240;567;9;6;4567;2908;1658;1245;0;205;169;36;;10702;21;636;245;224;1;13;7;;315;;2560;810;100
Maashorst;;;;;;;;;;;;;;;;;;;;;;;;;;;;;;;;;;;;;;;
Maassluis;32768;6989;18278;4476;2248;777;26740;3430;23310;5290;740;640;100;1160;1;1;845;174;671;167;0;111;109;3;;15127;2;0;750;705;4;39;2;;4990;;2720;320;200
Maastricht;121565;20524;75138;14354;8354;3195;94260;46040;48220;15470;11840;8500;3340;3973;2;1;5562;2064;3498;450;0;616;559;58;;61884;8;172;3470;3245;9;165;10;41;5495;;11750;1850;12010
Margraten;;;;;;;;;;;;;;;;;;;;;;;;;;;;;;;;;;;;;;;
De Marne;;;;;;;;;;;;;;;;;;;;;;;;;;;;;;;;;;;;;;;
Marum;;;;;;;;;;;;;;;;;;;;;;;;;;;;;;;;;;;;;;;
Medemblik;44809;10292;25309;5786;2656;766;0;0;0;4480;40330;18840;21490;1206;21;7;12107;8788;3319;610;13038;396;298;98;;18957;306;809;450;419;4;25;2;;1290;;5465;650;150
Meerlo-Wanssum;;;;;;;;;;;;;;;;;;;;;;;;;;;;;;;;;;;;;;;
Meerssen;18923;3526;10391;2772;1661;573;0;0;0;870;18060;10310;7750;538;7;3;2671;1447;1224;98;0;132;117;16;;8603;10;21;205;185;3;15;2;;240;;1880;290;120
Meierijstad;80815;17890;46524;9437;5237;1727;15090;0;15090;26970;38760;18120;20640;2225;16;5;18401;14634;3767;151;0;858;523;334;;34102;25;364;774;718;8;46;2;;3480;;9565;830;360
Meijel;;;;;;;;;;;;;;;;;;;;;;;;;;;;;;;;;;;;;;;
Menaldumadeel;;;;;;;;;;;;;;;;;;;;;;;;;;;;;;;;;;;;;;;
Menameradiel;;;;;;;;;;;;;;;;;;;;;;;;;;;;;;;;;;;;;;;
Menterwolde;;;;;;;;;;;;;;;;;;;;;;;;;;;;;;;;;;;;;;;
Meppel;33564;7799;19123;3850;2015;777;10510;0;10510;9650;13400;7600;5800;1175;5;2;5546;4237;1309;156;0;238;189;49;;15658;2;4;700;638;9;45;8;;1190;;3375;560;430
Middelburg (Z.);48544;10803;27035;5917;3474;1315;27820;12200;15620;8650;12070;8070;4000;1718;4;2;4837;2864;1973;467;0;279;252;27;;23532;20;143;1215;1153;7;52;3;;2515;;4570;650;840
Middelharnis;;;;;;;;;;;;;;;;;;;;;;;;;;;;;;;;;;;;;;;
Midden-Delfland;19391;4690;11133;1980;1108;480;6700;3330;3370;1780;10920;9020;1890;460;12;3;4722;3922;800;216;0;115;81;34;;7883;3;13;125;117;0;8;0;;660;;2180;110;170
Midden-Drenthe;33178;7068;18408;4535;2340;827;0;0;0;1950;31230;9240;21980;806;29;6;34066;31116;2950;522;0;408;219;189;;14313;11;1616;399;355;2;36;6;;415;;3505;530;180
Midden-Groningen;60899;12812;34839;7884;4057;1307;15630;0;15630;6250;39020;9950;29070;2157;23;9;27788;23577;4210;1789;0;554;385;169;;28074;15;247;1711;1579;15;102;15;;3815;;5090;1080;410
Mill en Sint Hubert;10891;2262;6309;1344;714;262;0;0;0;0;10890;2570;8330;228;6;2;5221;4473;748;97;0;142;75;67;;4569;0;23;92;88;1;3;0;;135;;1240;120;50
Millingen aan de Rijn;;;;;;;;;;;;;;;;;;;;;;;;;;;;;;;;;;;;;;;
Moerdijk;36961;7864;21140;4702;2415;840;5050;0;5050;6160;25750;12100;13650;1047;20;7;15922;13860;2062;2481;0;503;200;302;;16407;1;16;470;423;3;42;2;;1140;;4260;340;120
Molenlanden;43858;11516;24221;4904;2407;810;0;0;0;2510;41350;9690;31660;869;28;12;18146;15222;2925;1012;0;356;241;115;;17160;64;44;291;269;2;20;0;;620;;4990;300;160
Molenwaard;;;;;;;;;;;;;;;;;;;;;;;;;;;;;;;;;;;;;;;
Montferland;36026;7233;20464;4731;2733;865;1060;0;1060;11490;23480;9440;14040;945;10;5;10568;8512;2056;96;0;350;239;111;;15727;16;279;347;320;7;18;2;;850;;3520;400;160
Montfoort;13996;3495;7818;1638;847;198;0;0;0;3040;10960;8160;2800;342;4;2;3759;3069;690;61;0;109;81;28;;5733;1;2;103;92;2;7;2;;455;;1670;60;70
Mook en Middelaar;7806;1511;4215;1186;695;199;0;0;0;0;7810;3310;4500;195;4;1;1739;1208;531;142;0;54;45;9;;3579;4;56;92;78;1;12;1;;120;;915;50;50
Moordrecht;;;;;;;;;;;;;;;;;;;;;;;;;;;;;;;;;;;;;;;
Muiden;;;;;;;;;;;;;;;;;;;;;;;;;;;;;;;;;;;;;;;
Naarden;;;;;;;;;;;;;;;;;;;;;;;;;;;;;;;;;;;;;;;
Neder-Betuwe;24034;6790;13188;2469;1171;416;0;0;0;0;24030;13010;11020;529;11;4;5992;4731;1261;754;0;217;136;81;;8748;0;192;246;225;6;15;0;;405;;2750;250;80
Nederlek;;;;;;;;;;;;;;;;;;;;;;;;;;;;;;;;;;;;;;;
Nederweert;17001;3322;9800;2210;1286;383;0;0;0;4170;12830;4540;8290;369;8;2;9989;8880;1108;190;0;261;126;135;;7385;4;6;128;116;0;12;0;;220;;2145;190;50
Neerijnen;;;;;;;;;;;;;;;;;;;;;;;;;;;;;;;;;;;;;;;
Niedorp;;;;;;;;;;;;;;;;;;;;;;;;;;;;;;;;;;;;;;;
Nieuwegein;63036;13271;37184;8259;3402;920;49160;13070;36090;9910;3970;3650;320;2303;1;1;2323;703;1620;241;0;316;286;29;;28710;2;1;1182;1103;9;66;4;;6925;;6335;380;640
Nieuwerkerk aan den IJssel;;;;;;;;;;;;;;;;;;;;;;;;;;;;;;;;;;;;;;;
Nieuwkoop;28628;6327;16506;3499;1775;521;0;0;0;1640;26990;11260;15740;678;15;4;7807;6016;1791;1310;0;210;154;57;;11361;6;365;215;191;1;19;4;;765;;3530;620;100
Nieuw-Lekkerland;;;;;;;;;;;;;;;;;;;;;;;;;;;;;;;;;;;;;;;
Nijefurd;;;;;;;;;;;;;;;;;;;;;;;;;;;;;;;;;;;;;;;
Nijkerk;42943;10856;24092;4602;2563;830;12060;0;12060;13700;17180;11040;6140;960;10;3;6934;5057;1877;270;0;330;257;73;;17125;0;214;439;404;2;33;0;;1895;;5225;320;200
Nijmegen;176731;34163;114743;16517;8298;3010;136970;63040;73940;19760;20000;19270;730;6235;4;2;5259;1010;4249;503;0;747;704;43;;80736;1;101;6929;6259;69;476;21;104;14935;;18480;2280;18020
Nissewaard;84797;17895;50389;9981;4903;1629;57970;29880;28090;10920;15910;9310;6600;3902;6;4;7338;5038;2300;1041;0;345;309;36;;39036;3;6;2270;2008;9;175;11;67;8640;;5760;820;590
Noardeast-Fryslân;45181;10730;25030;5369;3082;970;220;0;220;4960;40000;10880;29120;1216;38;9;37881;34438;3444;1780;11984;476;280;196;;20395;39;533;926;834;8;78;6;;510;;4490;620;280
Noord-Beveland;7308;1275;4007;1179;623;224;0;0;0;0;7310;0;7310;201;13;5;8598;7471;1127;721;2840;101;68;33;;4400;42;1589;98;84;5;8;1;;95;;1030;140;20
Noordenveld;31290;6547;16403;4522;2859;959;700;0;700;7470;23120;10690;12430;872;17;3;19905;17480;2424;625;0;294;194;100;;14716;28;178;507;441;8;53;5;;500;;3230;390;150
Noordoostpolder;46849;11941;26732;4888;2433;855;6420;0;6420;10210;30220;6840;23380;1255;15;5;45798;43557;2241;2912;10638;587;246;341;;20018;140;71;822;763;11;44;4;;1915;;5600;650;270
Noordwijk;42859;8943;24635;5472;2860;949;22500;1020;21480;10490;9870;4350;5520;1329;7;4;5838;3739;2099;102;1554;274;230;43;;19688;15;1781;411;374;4;32;1;;1075;;5450;970;220
Noordwijkerhout;;;;;;;;;;;;;;;;;;;;;;;;;;;;;;;;;;;;;;;
Nuenen, Gerwen en Nederwetten;23186;4927;12344;3401;1978;536;5210;0;5210;9060;8910;4060;4860;654;3;2;3362;2227;1135;32;0;175;147;28;;10165;8;10;300;277;0;23;0;;435;;2930;100;130
Nunspeet;27481;6915;14997;3063;1790;716;0;0;0;11420;16060;7210;8850;588;13;2;12873;11054;1819;80;0;208;161;47;;10851;34;1250;260;235;4;20;1;;430;;3050;590;120
Nuth;;;;;;;;;;;;;;;;;;;;;;;;;;;;;;;;;;;;;;;
Oegstgeest;24426;6018;13463;2674;1564;707;17170;0;17170;4880;2380;2370;10;743;1;1;728;85;643;69;0;93;90;3;;10691;0;3;304;286;1;16;1;;905;;2480;350;400
Oirschot;18623;3949;10748;2279;1178;469;0;0;0;5090;13530;4170;9360;406;9;2;10176;8741;1435;108;0;228;133;95;;7861;315;226;126;114;1;9;2;;240;;2530;230;70
Oisterwijk;26140;5558;14359;3326;2145;752;3950;0;3950;9120;13080;9750;3330;728;3;3;6384;5011;1373;129;0;225;167;58;;11567;6;236;239;206;6;25;2;;655;;3735;520;130
Oldambt;38129;7481;21401;5396;2804;1047;5480;0;5480;8190;24470;7870;16590;1369;23;6;22651;19772;2879;1399;5546;388;259;130;;18462;20;17;1330;1240;6;79;5;;775;;3220;650;240
Oldebroek;23598;5904;13332;2507;1375;480;0;0;0;7000;16600;7170;9430;432;9;3;9770;8215;1555;114;0;198;133;65;;9265;16;482;266;236;2;25;3;;260;;2400;230;100
Oldenzaal;31840;7203;17394;4115;2337;791;14180;1580;12610;8750;8910;7490;1420;942;2;1;2155;875;1280;40;0;232;212;20;;14434;0;2;507;467;6;29;5;;1700;;3150;440;230
Olst-Wijhe;18071;3979;10234;2256;1142;460;0;0;0;0;18070;9080;9000;413;8;2;11366;10487;879;471;0;178;81;97;;7669;5;55;195;177;3;14;1;;380;;1825;360;80
Ommen;17813;4107;9798;2281;1182;445;0;0;0;3110;14700;5620;9080;386;14;1;17981;16659;1322;220;0;224;100;124;;7429;1;1101;196;171;3;19;3;;200;;2050;260;90
Onderbanken;;;;;;;;;;;;;;;;;;;;;;;;;;;;;;;;;;;;;;;
Oost Gelre;29704;6609;16672;3666;2042;715;0;0;0;11210;18500;9610;8890;601;8;3;10993;9531;1461;51;0;337;189;148;;12854;2;414;284;268;0;12;4;;540;;3145;710;120
Oosterhout;55616;11799;31528;7258;3821;1210;27620;5050;22560;14810;13190;7070;6120;1894;7;2;7142;4808;2334;167;0;454;322;132;;25115;10;731;809;734;17;55;3;;4430;;5990;400;290
Oostflakkee;;;;;;;;;;;;;;;;;;;;;;;;;;;;;;;;;;;;;;;
Ooststellingwerf;25497;5309;14176;3469;1864;679;0;0;0;1560;23940;9130;14810;818;17;5;22335;20545;1790;276;0;304;162;142;;11303;11;570;531;485;2;39;5;;305;;2650;620;110
Oostzaan;9757;2196;5609;1072;663;217;0;0;0;6160;3590;2670;920;313;4;1;1155;711;443;453;0;49;45;4;;4099;0;0;94;86;2;6;0;;375;;1120;70;40
Opmeer;11779;2623;6696;1473;764;223;0;0;0;0;11780;7590;4190;283;6;1;4148;3303;845;47;0;110;79;31;;4783;2;156;69;67;1;1;0;;185;;1440;100;50
Opsterland;29723;6789;16645;3627;1932;730;0;0;0;770;28950;9280;19670;772;22;5;22447;20273;2174;317;0;316;167;150;;12987;47;62;541;465;9;59;8;;400;;3235;570;160
Oss;91451;19794;53650;10461;5644;1902;38020;10020;28000;19150;34280;14070;20210;2895;22;6;16206;11857;4349;886;0;760;568;193;;39955;13;213;1539;1444;5;81;4;5;6395;;9475;810;560
Oud-Beijerland;;;;;;;;;;;;;;;;;;;;;;;;;;;;;;;;;;;;;;;
Oude IJsselstreek;39473;8295;21986;5237;2949;1006;0;0;0;5990;33480;21710;11770;979;11;3;13600;11679;1921;195;0;415;245;170;;17385;7;91;585;521;5;53;6;;2025;;3885;680;180
Ouder-Amstel;13916;3279;7784;1688;825;340;4930;1940;2990;3490;5500;4940;550;534;3;2;2398;1698;700;181;0;99;83;16;;6155;1;3;168;147;1;19;1;;1050;;2460;130;200
Ouderkerk;;;;;;;;;;;;;;;;;;;;;;;;;;;;;;;;;;;;;;;
Oudewater;10201;2405;5731;1182;684;199;0;0;0;4460;5750;3480;2270;257;3;1;3900;3417;484;110;0;85;52;33;;4338;0;2;80;73;2;4;1;;220;;1475;100;40
Overbetuwe;47543;11655;26747;5459;2831;851;5170;0;5170;8160;34210;21780;12430;1411;11;6;10907;8546;2361;601;0;369;260;109;;19702;9;77;575;528;4;38;5;;1130;;5415;570;300
Papendrecht;32290;7242;17974;3947;2378;749;22840;5680;17150;5980;3480;3460;20;1098;1;1;935;179;757;144;0;132;125;6;;14383;2;1;474;444;1;27;2;;1995;;2805;180;160
Peel en Maas;43311;8849;24939;5551;3016;956;0;0;0;5890;37420;20190;17230;908;18;6;15934;13430;2504;201;0;512;282;230;;18302;5;494;349;290;2;49;8;;1105;;4300;640;130
Pekela;12214;2524;6936;1622;851;281;0;0;0;0;12210;5830;6390;469;4;1;4906;3854;1052;115;0;120;98;22;;5767;2;0;439;409;5;24;1;;205;;825;130;40
Pijnacker-Nootdorp;54331;14941;31421;4431;2602;936;31280;0;31280;16120;6930;5280;1650;1652;8;3;3695;2046;1649;167;0;237;216;21;;21134;10;1;469;444;2;22;1;;4045;;5510;630;510
Purmerend;80117;16774;47566;8813;5063;1901;69090;27910;41170;9600;1430;1350;80;3562;1;1;2288;657;1631;168;0;293;285;7;;36141;1;4;1460;1326;15;88;12;19;7880;;7020;1090;460
Putten;24198;5828;13400;2664;1686;620;3230;0;3230;10020;10950;4900;6040;550;7;1;8519;7054;1465;231;0;227;132;95;;9670;3;1633;169;149;1;15;4;;425;;3030;280;100
Raalte;37511;8367;21072;4538;2545;989;1150;0;1150;8270;28080;11390;16690;796;15;4;17095;15137;1958;134;0;395;207;188;;15759;2;449;369;346;1;21;1;;680;;3735;610;170
Reeuwijk;;;;;;;;;;;;;;;;;;;;;;;;;;;;;;;;;;;;;;;
Reiderland;;;;;;;;;;;;;;;;;;;;;;;;;;;;;;;;;;;;;;;
Reimerswaal;22678;6266;12591;2142;1150;529;0;0;0;1360;21320;11460;9860;497;12;5;10175;8938;1237;1187;12880;192;127;65;;9159;5;50;218;197;3;16;2;;535;;2315;180;80
Renkum;31302;6256;16346;4577;2888;1235;0;0;0;15300;16000;11840;4160;920;5;3;4595;2981;1613;129;0;169;148;22;;14908;2;6;525;473;3;41;8;;930;;3855;900;280
Renswoude;5259;1515;2943;510;232;59;0;0;0;0;5260;3100;2160;85;1;1;1839;1559;280;12;0;62;32;30;;2017;1;1;24;22;0;2;0;;70;;790;10;20
Reusel-De Mierden;13060;2871;7644;1598;716;231;0;0;0;1510;11550;6230;5320;286;8;3;7781;7029;752;86;0;182;83;99;;5422;10;239;75;62;1;10;2;;150;;1575;70;40
Rheden;43640;8671;23608;5720;3935;1706;20700;3890;16810;11370;11570;6950;4620;1481;8;3;8176;6397;1780;259;0;242;220;22;;21189;6;89;917;860;8;46;3;;2060;;4275;960;690
Rhenen;20004;4910;10874;2342;1397;481;1490;0;1490;7910;10610;5950;4650;455;7;3;4207;3431;776;169;0;130;90;39;;8131;19;26;214;205;1;8;0;;710;;2245;290;130
Ridderkerk;46241;9449;25564;5961;3804;1463;31600;2340;29260;10140;4510;1780;2730;1612;3;1;2350;779;1571;176;0;223;213;10;;21140;0;17;837;775;4;57;1;;3305;;4390;490;250
Rijnwaarden;;;;;;;;;;;;;;;;;;;;;;;;;;;;;;;;;;;;;;;
Rijnwoude;;;;;;;;;;;;;;;;;;;;;;;;;;;;;;;;;;;;;;;
Rijssen-Holten;38300;10424;20796;3859;2306;915;11810;0;11810;8570;17920;12650;5270;716;9;2;9411;7688;1723;27;0;308;232;76;;14740;5;864;355;322;5;26;2;;1365;;3630;440;180
Rijswijk (ZH.);53467;11136;30572;6240;3664;1855;49390;42240;7150;2380;1700;1680;20;2352;2;2;1399;215;1184;50;0;198;190;8;;26666;0;5;1348;1268;10;65;5;;6630;;5745;600;850
Roerdalen;20615;3680;11519;3208;1647;561;0;0;0;0;20620;5640;14980;623;11;5;8825;7211;1614;54;0;181;140;40;;9463;12;343;253;238;1;10;4;;345;;1820;240;60
Roermond;58209;11632;34475;7016;3755;1331;24690;8720;15960;11490;22030;17010;5030;2225;9;2;6065;3646;2419;1040;0;439;356;83;;27465;9;120;1617;1551;4;56;6;;5625;;5725;640;470
De Ronde Venen;44059;9814;25275;5196;2837;937;6850;0;6850;10480;26730;18590;8140;1377;23;5;9969;7650;2319;1729;0;304;235;69;;18332;5;862;398;361;7;29;1;;2000;;6245;270;230
Roosendaal;77032;16179;44510;9335;5260;1748;45740;12890;32850;13880;17410;10220;7200;2590;9;4;10648;7646;3002;69;0;579;460;118;;35188;4;11;1744;1617;11;110;6;;7715;;7430;1120;470
Rotterdam;644618;139255;406894;54842;30589;13038;576060;450870;125190;44590;23970;18460;5510;34200;11;7;21818;11233;10585;7587;3012;2300;1859;441;;311597;3;992;32863;30735;102;1599;63;364;178750;;73065;8890;27100
Rozenburg;;;;;;;;;;;;;;;;;;;;;;;;;;;;;;;;;;;;;;;
Rozendaal;1654;410;822;226;136;60;40;0;40;750;870;560;310;29;1;1;2791;2647;144;1;0;11;10;1;;683;0;1;5;3;1;1;0;;35;;245;0;20
Rucphen;22572;4037;13516;3041;1562;416;0;0;0;5490;17090;10430;6660;547;6;2;6438;5177;1261;9;0;208;143;65;;9690;1;158;292;264;0;25;3;;375;;2620;190;60
Schagen;46553;10039;25346;6642;3433;1093;9060;0;9060;6000;31500;8870;22630;1357;23;9;16790;13396;3394;410;1528;433;289;144;;20287;32;3655;508;453;20;31;4;;825;;5475;610;190
Scheemda;;;;;;;;;;;;;;;;;;;;;;;;;;;;;;;;;;;;;;;
Schermer;;;;;;;;;;;;;;;;;;;;;;;;;;;;;;;;;;;;;;;
Scherpenzeel;9873;2610;5399;1059;606;199;0;0;0;4450;5420;4820;610;200;2;1;1379;1007;372;3;0;75;49;26;;3967;1;123;62;60;0;2;0;;165;;1095;100;40
Schiedam;77999;16833;47644;7737;4030;1755;73020;54860;18160;4600;380;290;90;3802;2;1;1784;466;1318;202;0;278;260;18;;36914;0;120;2256;2102;5;140;9;;16455;;7325;810;1110
Schiermonnikoog;936;143;534;140;96;23;0;0;0;0;940;0;940;20;1;1;4288;4063;225;41;15577;15;12;3;;587;108;769;9;8;0;1;0;;5;;150;0;0
Schijndel;;;;;;;;;;;;;;;;;;;;;;;;;;;;;;;;;;;;;;;
Schinnen;;;;;;;;;;;;;;;;;;;;;;;;;;;;;;;;;;;;;;;
Schoonhoven;;;;;;;;;;;;;;;;;;;;;;;;;;;;;;;;;;;;;;;
Schouwen-Duiveland;33779;6627;18082;5059;2850;1161;0;0;0;5690;28090;7270;20820;853;24;9;22869;19701;3168;7328;18624;355;246;110;;16746;16;5072;413;383;2;22;6;;495;;4605;370;110
Sevenum;;;;;;;;;;;;;;;;;;;;;;;;;;;;;;;;;;;;;;;
Simpelveld;10516;1928;5892;1527;920;249;0;0;0;0;10520;8750;1770;321;3;2;1603;922;681;0;0;67;61;6;;5320;1;67;120;102;4;13;1;;105;;825;40;40
Sint Anthonis;11606;2477;6651;1354;783;341;0;0;0;0;11610;2230;9380;207;7;2;9926;9041;885;50;0;226;69;157;;4810;4;5;73;64;2;4;3;;135;;1480;300;50
Sint-Michielsgestel;28991;6700;16088;3488;2058;657;0;0;0;1640;27360;18830;8530;658;7;4;5835;4155;1679;100;0;224;166;59;;12101;13;66;220;196;1;19;4;;480;;3630;380;100
Sint-Oedenrode;;;;;;;;;;;;;;;;;;;;;;;;;;;;;;;;;;;;;;;
Sittard-Geleen;92661;16564;54209;12194;7044;2650;39540;6110;33420;21700;31430;22390;9050;3410;7;3;7860;3797;4063;198;0;773;611;162;;46435;1;20;2517;2367;4;130;16;;3830;;8525;1410;800
Skarsterlân;;;;;;;;;;;;;;;;;;;;;;;;;;;;;;;;;;;;;;;
Sliedrecht;25026;6081;13959;2633;1636;717;14010;1340;12670;6140;4880;4700;180;654;1;1;1283;630;653;118;0;120;114;6;;11018;0;1;435;402;1;30;2;;1345;;2220;910;140
Slochteren;;;;;;;;;;;;;;;;;;;;;;;;;;;;;;;;;;;;;;;
Sluis;23386;4073;12728;3656;2066;863;0;0;0;0;23390;10330;13060;629;25;10;27859;25171;2688;482;2376;320;200;120;;14138;101;3758;239;223;1;8;7;;405;;3055;200;50
Smallingerland;55938;12816;31395;6492;3926;1309;21890;2580;19310;12420;21630;8940;12690;1889;9;4;11682;8987;2695;936;0;415;333;82;;25675;2;10;1654;1518;10;122;4;;1475;;5100;1060;440
Sneek;;;;;;;;;;;;;;;;;;;;;;;;;;;;;;;;;;;;;;;
Soest;46194;10580;25225;5857;3228;1304;21590;610;20980;13770;10840;8450;2380;1388;4;2;4625;2748;1877;18;0;263;237;26;;20567;6;291;656;606;6;41;3;;4155;;6185;470;320
Someren;19322;3971;11553;2085;1276;437;1000;0;1000;5010;13310;5180;8130;394;5;3;8012;7073;939;138;0;260;128;132;;8057;5;39;176;164;1;11;0;;250;;2475;250;70
Son en Breugel;16904;3905;9125;1784;1507;583;0;0;0;0;16900;15020;1880;449;2;1;2594;1657;936;57;0;171;136;35;;7112;2;1;194;181;0;12;1;;330;;2145;250;80
Spijkenisse;;;;;;;;;;;;;;;;;;;;;;;;;;;;;;;;;;;;;;;
Stadskanaal;31789;6445;17414;4254;2696;980;3640;0;3640;6410;21730;10010;11730;1000;13;3;11770;9662;2108;224;0;266;204;62;;15253;9;171;880;805;12;54;9;;435;;2745;410;140
Staphorst;17003;5222;9192;1496;815;278;0;0;0;70;16930;6320;10610;256;5;2;13398;12039;1360;171;0;209;123;86;;5914;4;264;114;103;0;10;1;;165;;1950;80;60
Stede Broec;21706;4986;12067;2956;1349;348;3290;0;3290;12030;6390;6070;320;659;1;1;1444;809;635;113;80;127;109;18;;9207;1;18;228;213;2;11;2;;575;;1790;260;70
Steenbergen;25054;4739;15101;3081;1540;593;0;0;0;7640;17420;9740;7680;642;8;4;14648;13390;1258;1266;0;218;134;83;;10335;0;108;322;281;3;37;1;;465;;2430;290;70
Steenwijkerland;43940;9857;24435;5408;3152;1088;3920;0;3920;5870;34150;9960;24190;1155;34;8;28825;25589;3237;3334;0;426;258;168;;20014;79;732;726;674;5;40;7;;970;;5030;480;250
Stein (L.);24961;4366;13946;3859;2120;670;0;0;0;12510;12450;8010;4450;777;3;2;2089;882;1207;191;0;160;151;9;;11768;5;7;254;230;1;20;3;;465;;2050;190;100
Stichtse Vecht;64336;14874;36492;7803;3889;1278;23250;0;23250;16070;25020;11000;14010;1994;19;8;9617;6998;2620;1065;0;330;263;68;;28206;5;340;730;653;8;66;3;;3540;;7940;490;350
Strijen;;;;;;;;;;;;;;;;;;;;;;;;;;;;;;;;;;;;;;;
Súdwest-Fryslân;89710;20664;49206;11352;6404;2084;15470;2340;13130;15150;59100;15330;43770;2578;65;12;52262;46069;6193;5305;33219;884;577;307;;41915;45;1276;2159;1927;57;165;10;;1690;;10580;1250;660
Terneuzen;54589;10774;30242;7561;4370;1642;7990;0;7990;13240;33360;12010;21340;1804;26;9;25003;21940;3063;1280;5492;515;315;200;;26952;13;103;992;946;3;34;9;;2780;;4560;660;150
Terschelling;4890;877;2886;675;338;114;0;0;0;0;4890;0;4890;119;9;2;8721;7873;848;168;58510;49;43;7;;2281;93;1497;23;14;2;6;1;;35;;835;50;420
Texel;13547;2562;7617;2060;1011;297;0;0;0;4020;9530;2590;6940;391;22;5;16221;14399;1822;290;29805;177;115;62;;6594;235;4042;111;99;10;0;2;;175;;2345;260;40
Teylingen;37061;8637;21368;3865;2300;891;21550;0;21550;9050;6470;5030;1440;1050;8;2;2835;1410;1424;514;0;212;187;25;;15588;3;171;272;247;1;23;1;;1160;;3985;320;250
Tholen;25780;6448;14469;2789;1504;570;0;0;0;1290;24490;11680;12810;609;10;7;14685;13215;1471;1549;9166;228;161;67;;10888;8;391;289;269;3;12;5;;530;;2670;260;80
Tiel;41978;9459;25084;4519;2163;753;16440;0;16440;14320;11210;8860;2350;1485;3;2;3284;1786;1499;267;0;305;224;80;;18011;2;2;1017;955;10;49;3;;5310;;4120;660;230
Tilburg;217259;45491;135364;21191;11311;3902;161120;104970;56150;31360;24780;20840;3940;7984;4;3;11605;6240;5365;208;0;1266;1045;220;;99004;9;173;6582;6038;69;382;23;70;24800;;20480;3350;12490
Tubbergen;21276;5208;12043;2279;1276;470;0;0;0;0;21280;4580;16700;387;11;4;14702;13381;1321;42;0;294;119;175;;8525;54;96;129;114;3;10;2;;140;;2510;220;90
Twenterand;33792;8619;18874;3749;1916;634;0;0;0;2530;31260;17840;13430;817;9;4;10613;8564;2049;200;0;309;223;86;;13705;1;147;463;432;7;20;4;;330;;2915;370;120
Tynaarlo;33698;7844;17805;4322;2636;1091;0;0;0;4430;29270;9850;19420;886;18;4;14286;11586;2700;484;0;281;205;76;;14403;3;688;396;340;12;42;2;;505;;3655;980;220
Tytsjerksteradiel;31780;7298;17147;4151;2395;789;0;0;0;2570;29210;9720;19490;798;24;7;14860;12504;2356;1280;0;286;192;94;;13943;4;495;501;430;14;53;4;;395;;2920;520;210
Ubbergen;;;;;;;;;;;;;;;;;;;;;;;;;;;;;;;;;;;;;;;
Uden;41782;9096;23857;5055;2844;930;17780;2190;15590;9100;14900;8660;6240;1333;7;2;6699;4677;2022;54;0;392;285;106;;18669;5;154;611;561;5;41;4;;2260;;4895;430;260
Uitgeest;13528;3209;7918;1427;745;229;0;0;0;10010;3520;3220;300;403;1;1;1914;1410;504;315;0;71;62;9;;5633;0;121;151;138;1;8;4;;325;;1375;50;80
Uithoorn;29424;6811;17175;2887;1866;685;13980;0;13980;8230;7220;5880;1340;1125;2;1;1815;852;963;127;0;167;119;48;;12856;2;2;310;287;6;17;0;;2020;;3380;260;150
Urk;20776;7676;11134;1209;580;177;0;0;0;14490;6290;6040;250;282;1;1;1316;728;589;38;9832;100;94;6;;6472;1;14;106;99;2;4;1;;315;;1945;240;80
Utrecht (gemeente);352866;77955;238324;20927;11338;4322;313210;226800;86420;28060;11600;8570;3030;10078;4;2;9376;3316;6059;545;0;1288;1186;102;;153845;21;31;9443;8694;97;380;18;254;59640;;45835;3320;28460
Utrechtse Heuvelrug;49515;11224;26256;6184;4040;1811;4700;0;4700;7450;37360;26420;10940;1216;18;6;13205;10042;3164;189;0;318;247;71;;21679;3;2119;627;571;13;39;4;;2065;;6995;1470;310
Vaals;10092;1665;5653;1533;947;294;1010;0;1010;6120;2960;330;2630;300;6;2;2389;1902;486;1;0;60;47;13;;5748;8;445;262;242;2;16;2;;210;;775;150;50
Valkenburg aan de Geul;16470;2662;9072;2571;1577;588;0;0;0;4000;12470;3780;8690;459;6;4;3672;2387;1285;21;0;118;103;15;;8291;35;601;298;274;0;23;1;;275;;1910;350;120
Valkenswaard;30910;5888;17233;4237;2649;903;11910;0;11910;12120;6880;4710;2170;972;3;1;5494;4291;1203;156;0;236;191;45;;14647;2;16;499;447;2;46;4;;625;;3435;340;150
Veendam;27491;5827;15491;3621;1899;653;3460;0;3460;11700;12330;7440;4890;993;6;1;7596;6060;1535;272;0;244;187;57;;12816;6;1;876;825;5;44;2;;1515;;2115;310;160
Veenendaal;65589;16583;37310;6815;3602;1279;47430;22280;25150;12350;5820;5140;680;1916;1;1;1942;231;1711;30;0;349;344;5;;27793;1;3;1064;1001;9;50;4;;5675;;6420;750;500
Veere;21835;4608;11460;3337;1771;659;0;0;0;0;21830;7160;14680;401;14;10;13297;10863;2434;1194;6164;232;162;70;;10964;153;3905;153;139;1;12;1;;220;;2905;330;70
Veghel;;;;;;;;;;;;;;;;;;;;;;;;;;;;;;;;;;;;;;;
Veldhoven;45337;9579;26142;5328;3210;1078;28230;2190;26040;11160;5950;3880;2070;1325;5;1;3168;1670;1498;21;0;299;265;34;;19722;19;126;479;439;5;35;0;;1210;;4360;670;260
Velsen;68348;14740;39892;7569;4228;1919;46980;16060;30920;12380;8990;7920;1070;2550;6;1;4502;2139;2363;834;980;394;326;68;;30913;5;147;1307;1236;7;58;6;;3530;;6840;820;370
Venlo;101603;20410;59427;12373;6855;2538;54260;17420;36840;18650;28700;18190;10510;3497;14;3;12412;8315;4097;488;0;922;630;292;;47173;41;646;2796;2552;1;209;17;17;8930;;9155;1120;960
Venray;43326;9174;25056;5284;2952;860;11410;0;11410;11050;20860;4820;16050;1219;14;4;16316;14041;2275;184;0;564;259;305;;19004;15;14;734;689;4;38;3;;2720;;4205;820;180
Vianen;;;;;;;;;;;;;;;;;;;;;;;;;;;;;;;;;;;;;;;
Vijfheerenlanden;55712;13220;31392;6437;3444;1219;5860;0;5860;20700;29150;8210;20950;1573;18;6;14632;12184;2448;699;0;407;290;117;;23418;106;135;684;631;4;44;5;;4275;;5980;760;270
Vlaardingen;72404;15448;41550;8374;4888;2144;68020;46350;21670;3780;610;530;80;3328;1;1;2336;960;1376;333;0;244;231;13;;35159;1;7;2302;2102;8;106;2;84;11040;;5655;1040;660
Vlagtwedde;;;;;;;;;;;;;;;;;;;;;;;;;;;;;;;;;;;;;;;
Vlieland;1138;189;737;129;70;13;0;0;0;0;1140;0;1140;25;2;1;4185;3978;207;70;27325;12;11;1;;564;9;529;8;7;0;1;0;;5;;225;10;10
Vlissingen;44371;8872;25167;5860;3177;1295;30600;8380;22220;10780;2990;2360;630;1782;3;1;3436;2086;1350;517;30530;298;193;105;;22843;4;240;1636;1516;8;86;4;22;3575;;3310;570;880
Vlist;;;;;;;;;;;;;;;;;;;;;;;;;;;;;;;;;;;;;;;
Voerendaal;12452;2381;6762;1847;1120;342;0;0;0;0;12450;6190;6270;376;6;3;3150;2223;927;2;0;88;77;12;;5777;10;76;101;97;0;3;1;;195;;1180;60;70
Voorne aan Zee;;;;;;;;;;;;;;;;;;;;;;;;;;;;;;;;;;;;;;;
Voorschoten;25479;6040;13538;3114;1887;900;16770;1550;15220;7470;1240;970;270;834;1;1;1112;473;639;44;0;103;100;3;;11448;2;1;297;270;5;19;3;;1225;;2725;270;220
Voorst;24417;5389;13320;3285;1767;656;0;0;0;6140;18280;4770;13510;504;16;3;12293;10636;1656;354;0;263;135;127;;10545;4;20;243;220;3;19;1;;515;;2865;740;120
Vught;26396;6100;14822;3047;1663;764;8230;0;8230;10600;7560;5180;2390;778;3;1;3368;2260;1108;101;0;158;139;19;;11491;6;18;216;200;3;11;2;;630;;3590;770;210
Waadhoeke;46039;10373;25769;5886;3024;987;760;0;760;4630;40650;8850;31800;1321;34;11;28485;24956;3529;398;2643;465;294;171;;21112;12;27;983;879;10;82;12;;795;;4620;640;310
Waalre;17247;3936;9167;2165;1409;570;0;0;0;4040;13210;11410;1790;497;1;1;2241;1417;825;25;0;104;94;10;;7607;1;3;182;167;3;11;1;;425;;2065;70;90
Waalwijk;48240;10160;27944;5866;3252;1018;16950;0;16950;12160;19130;13870;5260;1477;3;2;6449;4255;2193;316;0;431;339;92;;21782;13;3;660;613;3;40;4;;2900;;5560;480;220
Waddinxveen;28316;6682;16047;3228;1745;614;18250;0;18250;5070;5000;3850;1150;741;3;1;2777;1686;1090;163;0;187;135;52;;11970;1;0;289;272;0;16;1;;1800;;2945;260;160
Wageningen;38774;7214;25311;3469;1922;858;25800;10890;14910;6630;6340;3700;2640;927;3;1;3042;1826;1215;194;0;157;138;18;;17483;10;8;648;608;2;37;1;;1340;;3530;640;7340
Wassenaar;26211;6356;13146;3285;2305;1119;13770;1270;12510;4820;7620;2160;5460;864;2;1;5120;3546;1574;175;945;148;132;16;;12191;5;20;339;308;11;19;1;;995;;3280;370;140
Waterland;17315;3789;9327;2411;1363;425;0;0;0;5720;11590;3620;7980;489;10;4;5197;4495;702;413;5956;95;64;31;;7289;9;6;164;159;1;2;2;;440;;2285;120;70
Weert;49842;9877;28446;6295;3943;1281;18810;2220;16590;11480;19550;11860;7690;1475;8;3;10414;8089;2325;140;0;462;327;135;;22769;15;653;834;777;3;51;3;;3755;;5055;630;290
Weesp;19334;4199;11244;2090;1270;531;14590;2830;11770;2030;2710;1930;780;624;4;1;2271;1643;629;145;0;104;95;9;;9008;3;13;361;322;1;35;3;;2100;;2610;270;200
Werkendam;;;;;;;;;;;;;;;;;;;;;;;;;;;;;;;;;;;;;;;
Wervershoof;;;;;;;;;;;;;;;;;;;;;;;;;;;;;;;;;;;;;;;
West Betuwe;50697;12411;28675;5855;2892;864;20;0;20;5280;45400;11090;34310;1236;25;10;21581;18124;3457;1331;0;513;306;207;;20710;18;33;422;387;3;32;0;;1145;;6585;490;180
West Maas en Waal;19076;3916;11193;2371;1196;400;0;0;0;0;19080;5770;13310;475;12;5;7635;6100;1534;886;0;214;143;71;;8100;1;91;188;162;1;22;3;;245;;2495;240;80
Westerkwartier;63031;15126;35123;7473;3982;1327;0;0;0;6700;56330;17030;39300;1670;37;11;36258;32082;4176;629;0;650;380;270;;27045;29;3;922;796;13;102;11;;895;;6600;940;450
Westerveld;19348;3655;10315;3013;1731;634;0;0;0;0;19350;0;19350;395;29;4;27841;25786;2055;433;0;227;112;114;;8515;31;1240;221;195;6;16;4;;195;;2510;470;80
Westervoort;14944;3096;8966;1845;769;268;1330;0;1330;10640;2970;2860;110;622;1;1;702;196;506;82;0;64;62;2;;6690;0;0;332;304;3;24;1;;720;;1205;140;120
Westerwolde;25199;4956;13665;3855;1969;754;0;0;0;0;25200;4760;20440;677;29;6;27575;24886;2689;489;0;323;172;151;;11969;36;418;463;414;5;40;4;;750;;2485;290;80
Westland;108603;24632;63143;11917;6610;2301;52220;9540;42680;22050;34340;25420;8920;2859;6;1;8070;2790;5280;231;773;778;665;112;;44441;1;412;1129;1045;2;75;7;;4600;;14200;1250;500
Weststellingwerf;25840;5493;14295;3310;2005;737;920;0;920;7050;17870;4370;13500;687;19;2;22014;20384;1630;831;0;308;155;153;;11620;1;126;459;420;5;30;4;;545;;2890;480;140
Westvoorne;14626;2740;8053;2117;1198;518;0;0;0;890;13740;9830;3910;383;6;2;5320;4227;1093;519;3909;108;75;33;;6831;8;258;113;103;1;9;0;;305;;1735;120;50
Wierden;24351;5897;13372;2909;1627;546;0;0;0;4690;19670;13560;6110;509;9;2;9459;8131;1328;79;0;226;134;92;;9727;45;471;193;171;4;15;3;;340;;2580;140;110
Wieringen;;;;;;;;;;;;;;;;;;;;;;;;;;;;;;;;;;;;;;;
Wieringermeer;;;;;;;;;;;;;;;;;;;;;;;;;;;;;;;;;;;;;;;
Wijchen;40951;9065;23395;5135;2605;751;13540;0;13540;10470;16950;9380;7570;1273;7;2;6598;4672;1926;359;0;323;248;75;;17885;63;76;705;635;3;65;2;;1220;;4260;430;250
Wijdemeren;24013;5194;13107;3243;1817;652;10;0;10;3190;20820;11090;9720;688;15;4;4754;3040;1715;2882;0;157;138;19;;10707;2;1141;207;177;3;24;3;;585;;3910;200;70
Wijk bij Duurstede;23762;5473;13700;3004;1237;348;5420;0;5420;10170;8170;2190;5980;679;5;3;4764;4015;749;277;0;137;98;39;;9968;3;58;252;220;6;23;3;;705;;2725;180;100
Winschoten;;;;;;;;;;;;;;;;;;;;;;;;;;;;;;;;;;;;;;;
Winsum;;;;;;;;;;;;;;;;;;;;;;;;;;;;;;;;;;;;;;;
Winterswijk;28903;6119;16145;3740;2089;810;9750;0;9750;8940;10210;4100;6110;811;9;1;13812;12543;1269;70;0;293;167;126;;13087;19;509;563;521;4;37;1;;1005;;3025;530;130
Woensdrecht;21866;4314;12277;3040;1754;481;0;0;0;4680;17190;12110;5080;631;6;4;9139;7626;1513;58;0;219;157;62;;9844;97;590;255;237;1;16;1;;410;;2005;270;60
Woerden;52197;12950;29555;5694;2982;1016;19010;1790;17220;12460;20720;12890;7830;1471;9;4;8898;7073;1825;394;0;325;261;65;;22002;2;7;514;465;6;43;0;;2825;;6535;660;360
De Wolden;24110;5269;13163;3144;1828;706;0;0;0;0;24110;4140;19970;552;22;5;22440;20660;1779;195;0;289;128;161;;10265;27;631;216;188;2;23;3;;235;;3120;350;100
Wormerland;16329;3456;9134;2030;1324;385;9550;0;9550;1880;4900;1050;3850;569;7;2;3837;3220;617;680;0;94;68;26;;6962;2;119;200;182;1;16;1;;700;;1680;110;70
Woudenberg;13166;3534;7172;1365;801;294;0;0;0;6000;7160;5700;1470;299;1;1;3652;3179;472;31;0;100;62;38;;5102;5;16;96;85;1;10;0;;315;;1425;300;80
Woudrichem;;;;;;;;;;;;;;;;;;;;;;;;;;;;;;;;;;;;;;;
Wûnseradiel;;;;;;;;;;;;;;;;;;;;;;;;;;;;;;;;;;;;;;;
Wymbritseradiel;;;;;;;;;;;;;;;;;;;;;;;;;;;;;;;;;;;;;;;
Zaanstad;155885;35115;92526;16241;9020;2983;110960;38350;72610;22930;21990;14140;7850;6964;7;3;7362;3620;3742;961;0;700;640;59;;68402;24;18;3541;3276;37;183;15;30;25335;;15775;1410;1160
Zaltbommel;28451;7259;16086;2986;1600;520;2540;0;2540;5980;19930;3730;16200;799;11;7;7849;6102;1747;1055;0;254;175;79;;11401;22;12;277;253;4;17;3;;1150;;3625;240;130
Zandvoort;17011;3110;9487;2552;1331;531;12450;3850;8600;1360;3200;1710;1490;735;2;2;3212;2679;534;162;1023;73;69;4;;9557;670;180;358;335;5;16;2;;680;;2310;350;100
Zederik;;;;;;;;;;;;;;;;;;;;;;;;;;;;;;;;;;;;;;;
Zeevang;;;;;;;;;;;;;;;;;;;;;;;;;;;;;;;;;;;;;;;
Zeewolde;22309;5634;13821;1705;885;264;0;0;0;10980;11330;8590;2750;643;6;3;24710;23553;1157;2176;0;239;112;127;;8553;1;1352;277;248;6;22;1;;590;;2990;80;120
Zeist;63934;15310;35293;7149;4200;1982;37130;9190;27940;11900;14910;8540;6370;2079;4;3;4851;2261;2591;14;0;300;275;25;;28777;1;42;1131;1043;13;73;2;;6215;;8165;1930;1510
Zevenaar;43488;8848;24217;6211;3217;995;12850;1430;11420;6520;24120;7290;16830;1409;13;6;9246;7037;2209;1365;0;327;237;90;;19796;19;110;842;761;8;69;4;;1200;;4000;410;220
Zevenhuizen-Moerkapelle;;;;;;;;;;;;;;;;;;;;;;;;;;;;;;;;;;;;;;;
Zijpe;;;;;;;;;;;;;;;;;;;;;;;;;;;;;;;;;;;;;;;
Zoetermeer;124944;28521;73251;14624;6323;2225;110980;52070;58910;10470;3490;3320;180;5869;1;1;3449;1040;2410;256;0;446;426;20;;56199;0;3;2739;2558;6;170;5;;16385;;11090;620;1110
Zoeterwoude;8450;1844;4872;1011;542;181;1060;0;1060;1110;6280;4840;1440;231;4;2;2119;1587;532;76;0;87;74;13;;3493;2;10;47;43;0;3;1;;300;;1045;380;70
Zuidhorn;;;;;;;;;;;;;;;;;;;;;;;;;;;;;;;;;;;;;;;
Zuidplas;42762;10434;24516;4600;2412;800;13480;0;13480;12240;17050;13220;3830;1288;12;4;5809;3680;2130;596;0;260;217;43;;17563;3;466;469;433;1;33;2;;2320;;5080;480;210
Zundert;21612;4077;12804;2713;1431;587;0;0;0;2710;18900;9480;9420;486;6;2;12059;11065;994;61;0;246;108;138;;9455;426;0;189;173;0;12;4;;465;;2570;410;80
Zutphen;47609;10526;26840;6238;2862;1143;21640;5910;15730;16340;9630;6760;2880;1853;1;1;4092;2485;1607;202;0;269;225;44;;22095;16;214;1395;1266;21;95;13;;2785;;4880;690;410
Zwartewaterland;22503;6292;12395;2333;1098;385;0;0;0;2340;20160;16370;3790;416;4;3;8237;7253;983;549;0;228;156;71;;8903;14;3;208;183;2;20;3;;285;;2250;230;90
Zwijndrecht;44639;9819;24787;5365;3350;1318;35020;16190;18830;3870;5750;5060;690;1869;3;2;2028;874;1154;249;0;231;189;41;;20454;0;1;1038;976;1;56;5;;4465;;4140;390;260
Zwolle;127497;30428;77224;11397;6094;2354;88410;31920;56490;19460;19630;14190;5440;4108;3;1;11064;7318;3746;872;0;676;562;114;;57730;4;23;3458;3095;27;205;12;119;7300;;13205;1830;3970
Buitenland;;;;;;;;;;;;;;;;;;;;;;;;;;;;;;;;;;;;;;;
Niet-gemeentelijk ingedeeld;;;;;;;;;;;;;;;;;;;;;;;;;;;;;;;;;;;;;;;
"Gemeenten; niet in te delen";;;;;;;;;;;;;;;;;;;;;;;;;;;;;;;;;;;;;;;
Bron: CBS;;;;;;;;;;;;;;;;;;;;;;;;;;;;;;;;;;;;;;;